X [s]	1 Gast Med [V]	2 T Ant [V]	3 R Fem [V]	4 B Fem [V]	
21.860000	5.590425e-07	-1.064068e-04	-6.890234e-06	-2.980417e-06	
21.861001	-2.329044e-06	-5.768863e-05	-1.960564e-06	-3.430544e-06	
21.862002	-2.314524e-06	-9.158959e-06	5.307286e-06	-7.850248e-06	
21.863003	-1.726124e-06	2.078816e-06	6.513573e-06	-1.005937e-05	
21.864004	-7.047915e-07	1.425805e-05	6.264635e-06	-7.056623e-06	
21.865004	3.648673e-06	1.501297e-05	1.063310e-05	-3.657761e-06	
21.866005	7.541601e-07	-6.130663e-06	1.149724e-05	4.613252e-07	
21.867006	-6.361215e-06	-3.412810e-05	4.020244e-06	2.369774e-06	
21.868007	-6.528712e-06	-3.814098e-05	-2.734766e-06	-2.202643e-06	
21.869008	-4.405217e-06	-1.954714e-05	-3.326947e-06	-5.841216e-06	
21.870009	-2.466787e-06	-6.243666e-06	-1.885375e-06	-3.905570e-06	
21.871010	1.414398e-06	1.922635e-05	-1.951316e-06	-3.747658e-06	
21.872011	4.770303e-06	5.538831e-05	-2.365444e-06	-4.471869e-06	
21.873011	6.550626e-06	7.480944e-05	-2.308015e-06	3.587809e-07	
21.874012	9.174319e-06	7.795801e-05	-4.475223e-06	5.955085e-06	
21.875013	8.359708e-06	3.918558e-05	-4.596777e-06	8.149812e-06	
21.876014	6.777503e-07	-3.488568e-05	-2.405416e-06	8.563883e-06	
21.877015	-2.561272e-06	-6.300834e-05	-4.733509e-06	7.561150e-06	
21.878016	1.603519e-06	-2.145144e-05	-6.160016e-06	7.270515e-06	
21.879017	3.013308e-06	1.697837e-05	-2.535329e-06	6.097441e-06	
21.880018	1.009982e-06	3.514367e-06	-1.700690e-06	6.909512e-07	
21.881018	1.828083e-07	-4.703871e-06	-4.369790e-06	-2.992194e-06	
21.882019	1.542743e-06	-4.441981e-06	5.858465e-07	1.950748e-06	
21.883020	1.090038e-06	-5.794633e-05	7.650962e-06	7.495920e-06	
21.884021	-1.400543e-06	-7.042734e-05	6.383758e-06	3.189327e-06	
21.885022	-4.232800e-06	-5.206242e-06	3.362068e-06	-2.565422e-06	
21.886023	-6.501979e-06	-9.065436e-07	-1.943704e-06	-5.432319e-06	
21.887024	-2.164251e-06	-6.096837e-06	-6.576950e-06	-7.387658e-06	
21.888025	8.218135e-07	6.470353e-05	-5.371128e-06	-5.563949e-06	
21.889025	-4.239426e-06	8.724119e-05	-2.477981e-06	-5.742708e-06	
21.890026	-6.414213e-06	3.568367e-05	3.947452e-06	-3.924680e-06	
21.891027	-1.450418e-06	-1.119641e-05	9.352297e-06	2.718321e-06	
21.892028	-4.185748e-07	-4.895135e-05	1.024079e-05	3.606165e-06	
21.893029	-5.952110e-06	-6.750192e-05	9.382449e-06	-4.582528e-07	
21.894030	-2.180749e-06	1.025315e-06	5.285467e-06	-1.029044e-06	
21.895031	6.266918e-06	1.139989e-04	1.446880e-06	2.752238e-06	
21.896032	6.484019e-06	1.284039e-04	-1.323862e-06	1.403288e-06	
21.897032	4.472034e-06	7.148259e-05	-3.039391e-06	-2.924337e-06	
21.898033	3.461535e-06	-1.417064e-05	-3.901139e-06	-4.441356e-06	
21.899034	2.056382e-06	-8.712185e-05	-5.949838e-06	-4.108514e-06	
21.900035	9.461058e-07	-5.939785e-05	-5.203975e-06	-6.284803e-07	
21.901036	1.056430e-06	-2.199849e-05	-4.920796e-06	-2.012618e-06	
21.902037	-5.857814e-07	-1.664529e-05	-5.954107e-06	-1.736548e-06	
21.903038	-7.115415e-07	-9.641054e-06	-7.347724e-06	3.763715e-06	
21.904039	1.163066e-07	-9.839191e-06	-8.160084e-06	2.810671e-06	
21.905040	-9.644375e-07	6.077482e-06	-4.543793e-07	4.268393e-06	
21.906040	5.352260e-06	1.058210e-05	7.642442e-06	7.355254e-06	
21.907041	4.911966e-06	-6.027692e-07	9.606941e-06	4.403215e-06	
21.908042	-5.397773e-06	-7.484893e-06	4.570439e-06	5.916274e-07	
21.909043	-5.816735e-06	-1.749886e-05	-6.565973e-06	-2.262014e-06	
21.910044	-4.948505e-06	-2.485188e-05	-1.212598e-05	-2.333856e-06	
21.911045	-3.189844e-06	-2.713854e-05	-1.516549e-05	-3.410135e-06	
21.912046	1.920734e-07	-2.852581e-05	-1.198160e-05	-4.261866e-06	
21.913047	-2.788133e-06	-2.250011e-05	-1.512301e-06	-9.235600e-07	
21.914047	-8.396457e-07	1.714518e-05	-4.548693e-06	-2.360670e-06	
21.915048	3.424583e-06	3.147469e-05	-8.264554e-06	-3.258023e-06	
21.916049	3.063547e-06	4.571959e-06	5.606582e-06	4.125765e-06	
21.917050	-1.588733e-06	2.391164e-06	2.079781e-05	8.312709e-06	
21.918051	-9.111964e-06	-2.962651e-05	2.798224e-05	6.902172e-06	
21.919052	-1.050691e-05	-6.276684e-05	2.762382e-05	3.581760e-06	
21.920053	-7.159746e-06	-4.671285e-05	2.115446e-05	2.432040e-06	
21.921054	7.315512e-07	-4.683001e-05	1.588271e-05	5.781997e-06	
21.922054	6.884628e-06	-3.619753e-05	1.315527e-05	2.589391e-06	
21.923055	2.440655e-06	-2.101920e-05	1.014285e-05	-1.198447e-06	
21.924056	2.154994e-06	1.098470e-06	2.442217e-06	2.291786e-06	
21.925057	9.404466e-06	7.530690e-05	-9.798773e-06	-2.175197e-06	
21.926058	1.429419e-05	1.154885e-04	-1.623413e-05	-1.104752e-05	
21.927059	1.033766e-05	1.115166e-04	-1.705806e-05	-8.970902e-06	
21.928060	-6.254337e-07	8.027074e-05	-1.893584e-05	-2.021076e-06	
21.929061	1.506044e-06	-1.430281e-07	-1.633011e-05	1.207151e-06	
21.930061	9.241839e-06	-3.277531e-05	-8.136861e-06	2.174740e-06	
21.931062	3.476243e-08	-1.353609e-05	-3.938636e-06	-1.014481e-06	
21.932063	-8.303018e-06	-3.908683e-06	-2.501688e-06	-6.050191e-06	
21.933064	-3.048193e-06	2.390490e-05	3.508891e-06	-4.372955e-06	
21.934065	4.777101e-07	5.145674e-05	6.173291e-06	-3.812999e-06	
21.935066	-2.557083e-07	3.465817e-05	2.537953e-06	-7.335788e-06	
21.936067	-1.458206e-06	-3.717970e-06	2.739887e-06	-4.726630e-06	
21.937068	-3.968632e-06	-1.413914e-05	2.461252e-06	-3.420088e-06	
21.938068	-3.067496e-06	-6.395027e-06	-5.567400e-06	-6.410207e-06	
21.939069	-1.415595e-06	-1.209830e-05	-1.237360e-05	-4.172493e-06	
21.940070	-3.715945e-06	-1.798820e-05	-1.068212e-05	2.968902e-06	
21.941071	-3.361673e-06	-1.969963e-05	-8.239581e-06	9.986527e-06	
21.942072	-2.094997e-06	-2.393721e-05	-6.254043e-06	1.256819e-05	
21.943073	-3.314602e-06	-2.536612e-05	-5.143403e-07	9.160407e-06	
21.944074	-1.764752e-06	-2.402151e-05	2.293189e-06	2.820138e-06	
21.945075	-1.602045e-06	-2.072033e-05	6.338843e-06	7.202313e-07	
21.946076	-2.134722e-06	-1.710109e-05	8.477633e-06	1.005246e-06	
21.947076	2.537979e-06	-1.627705e-05	7.492665e-07	1.927905e-06	
21.948077	5.635886e-06	-1.429910e-05	3.404308e-07	8.235235e-06	
21.949078	3.508688e-06	-9.556106e-06	6.277173e-06	8.822042e-06	
21.950079	-9.650552e-07	-6.995638e-06	9.947416e-06	2.836150e-06	
21.951080	-3.879860e-06	-3.560238e-06	7.211013e-06	-4.069509e-07	
21.952081	-2.823216e-06	2.248358e-07	-1.268645e-05	-5.059048e-06	
21.953082	-1.457546e-06	-3.069298e-06	-1.793908e-05	-3.671419e-06	
21.954083	-1.915723e-06	-2.332866e-06	1.640937e-06	3.324803e-06	
21.955083	6.548731e-07	7.637122e-06	3.514921e-06	1.553643e-06	
21.956084	4.278528e-06	1.333543e-05	2.804584e-07	-1.762147e-06	
21.957085	3.493878e-07	8.796805e-06	1.175144e-05	-1.790137e-06	
21.958086	-1.365514e-06	-1.682628e-06	6.203564e-06	-3.290019e-06	
21.959087	2.383947e-06	-8.067827e-06	-5.337843e-06	-2.090891e-06	
21.960088	1.141564e-06	-7.590040e-06	3.836763e-06	3.884270e-07	
21.961089	1.525223e-06	-1.470457e-06	8.538862e-06	7.371796e-07	
21.962090	2.798143e-06	-6.441193e-06	5.051395e-06	5.244472e-07	
21.963090	9.811545e-08	2.052579e-06	7.214008e-06	-1.157004e-06	
21.964091	1.571870e-06	5.833893e-05	-9.180602e-07	-3.998585e-06	
21.965092	3.229931e-06	4.818186e-05	-1.163869e-05	-6.241047e-06	
21.966093	-2.279877e-06	-3.569384e-05	-8.768186e-06	-8.701062e-06	
21.967094	-3.967480e-06	-3.418698e-05	-1.053669e-05	-9.468796e-06	
21.968095	1.715211e-06	1.007277e-05	-1.365797e-05	-5.725497e-06	
21.969096	2.113406e-06	1.322104e-05	2.731983e-08	-1.210493e-06	
21.970097	-2.091230e-07	1.475409e-05	1.295437e-05	2.912772e-06	
21.971097	8.194604e-07	9.062863e-06	1.497374e-05	8.115580e-06	
21.972098	2.432057e-06	-7.366393e-06	1.436404e-05	1.073079e-05	
21.973099	5.140074e-06	-3.852220e-06	7.526902e-06	7.978573e-06	
21.974100	6.207051e-06	1.007622e-05	-9.902120e-07	2.585603e-07	
21.975101	3.593370e-06	7.447388e-06	-2.437012e-06	-3.193436e-06	
21.976102	-1.652123e-06	-2.552891e-06	-1.285656e-06	9.825547e-09	
21.977103	-5.603651e-06	-1.191112e-06	-1.589890e-07	-3.374414e-06	
21.978104	-3.599921e-06	1.078044e-06	9.797748e-07	-6.131442e-06	
21.979104	-1.637901e-06	-1.006763e-06	1.477425e-06	-2.915942e-06	
21.980105	-3.398724e-06	1.953087e-07	1.303113e-06	-4.813719e-06	
21.981106	-6.016411e-06	3.890172e-07	-2.279222e-06	-2.545145e-07	
21.982107	-8.854814e-06	-5.524262e-06	-1.986555e-06	8.389442e-06	
21.983108	-5.279463e-06	-4.913228e-06	2.231952e-06	7.675211e-06	
21.984109	3.082251e-06	7.086805e-06	-5.190506e-07	7.978211e-06	
21.985110	3.818691e-06	3.657255e-06	-1.733936e-06	2.935891e-06	
21.986111	-1.953059e-07	-9.347959e-06	-1.083832e-06	-5.450117e-06	
21.987112	1.444406e-06	-3.544360e-06	-4.698022e-06	-2.679961e-06	
21.988112	3.675871e-06	-5.301322e-06	-4.022895e-06	-3.320723e-06	
21.989113	-2.624613e-06	-1.624822e-05	-2.592873e-06	-5.049944e-06	
21.990114	-2.904823e-06	-5.297158e-06	-3.356053e-06	2.820019e-07	
21.991115	4.046446e-06	4.500769e-06	-1.995953e-06	-6.516350e-07	
21.992116	-2.829634e-06	2.802084e-06	-1.946138e-06	-3.802334e-06	
21.993117	-5.205146e-06	4.909190e-06	-2.093638e-06	-2.999649e-06	
21.994118	3.660193e-06	2.684230e-06	-2.347749e-06	-2.055766e-06	
21.995119	8.662592e-07	-1.144982e-06	-3.923417e-06	1.740228e-06	
21.996119	1.316606e-07	5.290656e-07	-2.272500e-06	5.659316e-06	
21.997120	5.048196e-06	3.518459e-06	-4.493653e-07	5.981927e-06	
21.998121	1.994936e-06	1.399595e-06	9.776962e-07	7.214427e-06	
21.999122	-1.174556e-09	-4.375980e-06	1.585087e-06	6.822707e-06	
22.000123	5.168779e-06	-4.510664e-07	-2.972562e-06	2.818571e-06	
22.001124	8.822870e-06	-4.857068e-07	-1.899587e-06	1.406373e-06	
22.002125	4.119594e-07	-1.642751e-05	2.953525e-06	1.253804e-06	
22.003126	-5.884209e-06	-1.798092e-05	1.709362e-06	-7.180640e-07	
22.004126	2.120518e-07	-3.383182e-06	1.283189e-06	-1.859765e-06	
22.005127	2.222459e-06	4.331783e-07	-2.873744e-06	-2.749396e-06	
22.006128	-1.669115e-06	-2.137114e-06	-9.006707e-06	-4.751757e-06	
22.007129	-5.361947e-06	-3.956100e-06	-4.906580e-06	-2.850333e-06	
22.008130	-4.648203e-06	-8.992059e-07	1.090552e-06	3.434518e-07	
22.009131	-1.848957e-06	1.439010e-05	3.128451e-06	-1.412041e-06	
22.010132	-1.264767e-06	2.723508e-05	3.514154e-06	-1.920739e-06	
22.011133	5.168973e-06	2.462679e-05	3.480139e-06	2.126854e-07	
22.012133	6.996105e-06	1.076311e-05	7.237960e-06	1.918631e-06	
22.013134	1.820511e-06	6.495792e-07	9.084482e-06	1.173182e-06	
22.014135	1.343383e-06	3.531512e-06	4.737008e-06	-3.033345e-06	
22.015136	-2.736326e-06	3.136131e-06	1.094516e-06	-4.928702e-06	
22.016137	-4.103425e-06	-3.703641e-06	1.318349e-06	-4.453505e-06	
22.017138	-4.152005e-07	-1.197505e-06	3.551487e-06	-1.631313e-06	
22.018139	-8.499036e-08	9.203066e-07	2.200203e-06	1.794619e-06	
22.019140	2.884979e-06	-4.871921e-06	-7.756455e-07	6.401852e-07	
22.020140	1.875055e-06	-6.921197e-06	9.785430e-07	-2.121156e-07	
22.021141	-2.127593e-06	-8.058955e-06	-4.391077e-07	-5.455273e-07	
22.022142	-1.943142e-06	-4.396401e-06	-4.971191e-06	-1.488629e-06	
22.023143	-8.059584e-07	7.596751e-07	-3.551744e-06	-5.898612e-07	
22.024144	2.230325e-06	-9.272464e-06	-6.302978e-08	1.995823e-07	
22.025145	8.317231e-07	-1.005691e-05	3.537750e-06	1.150726e-06	
22.026146	-2.494788e-06	-8.358809e-07	5.173845e-06	-2.657680e-07	
22.027147	-3.370027e-06	-9.302098e-06	6.238799e-07	-8.842979e-07	
22.028147	-6.045506e-06	-1.161476e-05	-3.312344e-06	2.036767e-06	
22.029148	-7.975473e-06	-5.356846e-06	-3.405983e-06	7.649021e-07	
22.030149	-1.528991e-05	-2.107469e-05	-2.704619e-06	-8.703824e-07	
22.031150	-1.543649e-05	-3.819903e-05	-7.138177e-07	-1.080247e-06	
22.032151	6.196734e-06	-1.259476e-05	8.319423e-07	-1.977914e-06	
22.033152	1.446507e-05	2.392059e-05	-1.392580e-06	1.157622e-06	
22.034153	3.296094e-06	1.483886e-05	-2.565412e-06	3.622794e-06	
22.035154	5.017664e-06	1.429933e-05	-1.041409e-07	2.812453e-06	
22.036155	1.050881e-05	4.017805e-05	-4.256467e-07	2.448726e-06	
22.037155	9.698406e-06	3.155796e-05	-1.802408e-06	3.314341e-06	
22.038156	8.485242e-06	2.101224e-05	-1.663009e-06	2.380511e-06	
22.039157	6.027297e-06	2.484252e-05	-1.836093e-06	-8.101090e-07	
22.040158	5.905784e-06	9.148132e-06	-2.849028e-06	-1.066769e-06	
22.041159	-5.876602e-08	-6.486062e-06	-6.228368e-06	-6.758319e-07	
22.042160	-7.201037e-06	-9.306730e-06	-6.276069e-06	1.389014e-06	
22.043161	-1.761151e-06	-6.533170e-06	-2.491258e-06	4.074054e-06	
22.044162	-1.618498e-06	-3.721235e-06	-6.314494e-07	3.950062e-07	
22.045162	-9.087991e-06	-5.511804e-06	2.311920e-06	3.327029e-07	
22.046163	-9.966747e-06	-5.891937e-06	5.212949e-06	4.121168e-06	
22.047164	-1.102581e-05	-4.386573e-06	6.060396e-06	1.703989e-06	
22.048165	-6.750463e-06	-3.258529e-06	6.262431e-06	-1.192123e-06	
22.049166	3.988243e-06	-4.233812e-06	3.402967e-06	-1.938329e-06	
22.050167	5.632856e-06	-8.910742e-06	1.666899e-06	-2.204879e-06	
22.051168	5.281164e-06	-1.022068e-05	3.329649e-06	-3.522647e-06	
22.052169	8.359415e-06	-8.420351e-06	3.917215e-06	-4.201020e-06	
22.053169	6.058730e-06	-4.284123e-06	2.880418e-06	-1.403848e-06	
22.054170	1.045902e-06	1.585203e-06	5.798616e-07	-2.363589e-06	
22.055171	-1.274818e-06	-6.417735e-06	-1.450911e-06	-2.869685e-06	
22.056172	-2.556966e-06	-7.314768e-06	-1.318186e-06	1.049648e-06	
22.057173	-1.060395e-06	7.809340e-06	1.726593e-06	4.089668e-07	
22.058174	2.469667e-06	-7.319097e-06	2.672881e-06	-1.045638e-06	
22.059175	8.817373e-07	-1.846944e-05	-8.438776e-07	-1.742137e-06	
22.060176	1.157205e-06	5.568317e-06	-1.708429e-06	-2.314376e-06	
22.061176	3.675491e-06	4.479820e-06	-8.372743e-07	1.165708e-06	
22.062177	1.392101e-07	-4.454929e-06	-3.876281e-07	3.136747e-07	
22.063178	1.130357e-06	7.855410e-06	9.556340e-07	-9.160107e-07	
22.064179	2.626369e-06	6.783752e-06	1.236657e-06	2.653836e-06	
22.065180	-1.286881e-06	-1.098504e-06	1.049189e-06	-1.669149e-07	
22.066181	-8.743404e-07	-5.658471e-06	-8.977301e-07	-5.765927e-07	
22.067182	-3.717345e-06	-3.022848e-06	-3.954171e-06	3.035550e-06	
22.068183	-6.095912e-06	9.553380e-06	-4.476859e-06	-1.223540e-06	
22.069183	-9.593615e-07	1.193391e-05	-4.814218e-06	2.147492e-07	
22.070184	-3.735346e-06	9.460175e-06	-5.056124e-06	5.646222e-06	
22.071185	-5.716948e-06	7.808956e-06	-4.656202e-06	1.024359e-06	
22.072186	2.696896e-06	4.392923e-06	-5.955875e-06	-1.277734e-06	
22.073187	3.466107e-06	5.178916e-06	-5.202318e-06	4.745684e-07	
22.074188	1.668095e-06	4.297784e-06	-1.956814e-06	-4.028346e-07	
22.075189	2.306587e-06	-5.268639e-07	1.118684e-06	1.721994e-06	
22.076190	-4.816058e-06	-6.694321e-06	5.275321e-06	1.122843e-06	
22.077191	-5.017374e-06	-7.922300e-06	5.888869e-06	-2.506878e-06	
22.078191	3.108061e-07	-4.381771e-06	2.210637e-06	-1.298840e-06	
22.079192	-1.722411e-06	-4.690620e-06	1.378173e-06	-1.531623e-06	
22.080193	-1.672325e-06	-6.623186e-06	2.429220e-06	-2.011984e-06	
22.081194	-2.068486e-06	-5.810506e-06	2.704681e-06	1.160467e-06	
22.082195	-3.122974e-06	1.004721e-06	2.141005e-06	2.180604e-06	
22.083196	-5.240196e-07	4.195905e-06	2.299158e-07	1.287387e-06	
22.084197	3.173099e-06	2.626914e-06	-1.177828e-08	4.845135e-08	
22.085198	8.041832e-06	1.534846e-05	-7.923276e-07	-3.291355e-07	
22.086198	5.467682e-06	1.973577e-05	-1.322500e-06	1.760721e-07	
22.087199	5.359272e-07	-4.470641e-06	1.877740e-06	1.409433e-08	
22.088200	-3.064855e-06	-2.018551e-05	1.097016e-06	8.268272e-07	
22.089201	-1.004420e-05	-2.224274e-05	-7.135313e-07	-1.051191e-06	
22.090202	-9.987964e-06	-3.039025e-05	2.000814e-06	-4.192970e-06	
22.091203	-8.694915e-06	-2.638494e-05	1.698718e-06	-1.717226e-06	
22.092204	-2.465550e-06	-2.293146e-07	-2.271256e-06	-9.344552e-08	
22.093205	1.293070e-05	3.570072e-05	-4.434901e-06	-1.089144e-06	
22.094205	9.508078e-06	5.091325e-05	-8.047733e-07	1.398112e-06	
22.095206	7.469815e-07	2.866212e-05	3.169202e-06	6.784793e-07	
22.096207	1.092342e-05	6.738960e-06	5.094038e-07	-1.260878e-06	
22.097208	1.551423e-05	-6.253113e-07	-9.132599e-07	1.310841e-06	
22.098209	7.881193e-06	-6.922459e-06	1.564096e-06	-2.879354e-07	
22.099210	3.919167e-06	-5.050629e-06	2.174791e-06	-1.360268e-06	
22.100211	6.280008e-07	-3.669187e-06	2.276227e-06	1.505547e-06	
22.101212	-3.465692e-06	-3.109848e-06	2.696712e-06	1.354297e-06	
22.102212	-3.772081e-06	-3.759322e-06	8.185716e-07	1.550504e-06	
22.103213	-3.728444e-06	-1.320889e-05	-2.136509e-06	1.049787e-06	
22.104214	-1.437226e-06	-1.148517e-05	-3.212668e-06	2.037740e-07	
22.105215	-3.028956e-08	-1.329631e-05	-4.020625e-06	1.116262e-06	
22.106216	-7.348938e-06	-2.705241e-05	-4.016967e-06	-2.133509e-06	
22.107217	-8.551301e-06	-2.375895e-05	-2.434538e-07	-3.443897e-06	
22.108218	1.099639e-06	-3.341075e-06	1.932797e-06	7.640423e-07	
22.109219	5.294891e-06	1.319603e-05	1.897864e-06	1.348216e-06	
22.110219	4.514108e-06	6.329052e-06	4.306066e-06	2.246246e-06	
22.111220	3.896409e-06	1.100538e-05	3.356403e-06	4.815498e-06	
22.112221	-2.264498e-06	3.010622e-05	1.018379e-06	1.504103e-06	
22.113222	-9.805629e-06	1.961639e-05	2.864986e-06	1.217431e-07	
22.114223	-5.761295e-06	1.300851e-05	2.246584e-06	2.682136e-06	
22.115224	-5.244710e-07	1.225314e-05	-1.752046e-07	-7.717614e-07	
22.116225	-2.743746e-06	-2.421120e-07	-2.368950e-06	-3.831816e-06	
22.117226	2.683240e-07	5.381375e-07	-3.709710e-06	-1.874153e-06	
22.118227	1.561140e-06	2.308521e-06	-2.213528e-07	-1.684121e-06	
22.119227	-2.091739e-06	-1.835003e-06	6.997078e-07	-6.708226e-07	
22.120228	-4.176146e-06	-5.447866e-06	-3.802456e-06	1.496357e-07	
22.121229	-6.924711e-06	-1.153663e-05	-4.529673e-06	-1.924286e-06	
22.122230	-6.830364e-06	-1.794341e-05	-1.319733e-06	-8.070269e-07	
22.123231	-1.107163e-05	-2.055184e-05	-2.375813e-06	1.008171e-06	
22.124232	-1.063972e-05	-9.397278e-06	-3.474873e-06	2.554348e-07	
22.125233	4.301888e-06	3.617233e-06	1.905050e-07	5.313792e-07	
22.126234	8.703215e-06	9.025289e-07	-1.949991e-06	5.378325e-07	
22.127234	6.050349e-06	1.763653e-06	-5.370694e-06	1.804701e-07	
22.128235	9.524381e-06	1.116705e-05	-8.281479e-08	7.922246e-07	
22.129236	7.686007e-06	9.502797e-06	3.616347e-06	-1.682063e-07	
22.130237	5.458875e-06	5.360576e-06	3.401475e-06	-8.609889e-07	
22.131238	5.547311e-06	4.160591e-06	4.873112e-06	-4.819048e-07	
22.132239	2.986223e-06	1.361970e-06	4.368226e-06	-1.439773e-06	
22.133240	5.144208e-06	-1.255285e-06	1.581628e-06	-2.547396e-06	
22.134241	1.304362e-05	-9.369619e-06	2.196334e-07	-2.374809e-06	
22.135241	1.463129e-05	-1.374044e-05	1.387850e-06	3.813171e-07	
22.136242	4.346440e-06	-1.256281e-05	1.331808e-06	5.366287e-07	
22.137243	1.554271e-06	-1.515870e-05	-2.291314e-07	-2.542449e-06	
22.138244	5.443095e-06	-1.476934e-05	1.594382e-06	5.923503e-08	
22.139245	-5.283136e-06	-8.538240e-06	1.328855e-06	2.141155e-06	
22.140246	-1.233796e-05	9.769390e-06	-1.008641e-06	6.613887e-07	
22.141247	-1.300812e-05	2.899360e-05	-8.291179e-07	3.231833e-06	
22.142248	-2.190913e-05	2.641123e-05	-5.554605e-07	4.141279e-06	
22.143248	-2.363747e-05	1.992602e-05	2.575352e-07	1.980221e-06	
22.144249	-1.360792e-05	2.040086e-05	-1.989881e-06	2.425810e-06	
22.145250	4.538771e-06	6.895979e-06	-1.727958e-06	3.431095e-06	
22.146251	1.497795e-05	-1.616787e-05	6.186918e-07	2.054339e-06	
22.147252	1.012641e-05	-1.888816e-05	-5.887059e-06	-1.757076e-07	
22.148253	8.033569e-06	-7.649313e-06	-7.981883e-06	1.258859e-07	
22.149254	5.596378e-06	-7.845390e-06	-3.261167e-06	-5.638411e-07	
22.150255	8.832855e-06	-7.864165e-06	-1.589066e-06	-3.398089e-06	
22.151255	1.937436e-05	-2.320478e-06	1.593133e-06	-4.024330e-06	
22.152256	1.740901e-05	1.841372e-07	4.553116e-06	-3.463412e-06	
22.153257	8.539458e-06	5.527859e-06	4.747174e-06	-2.713932e-06	
22.154258	-4.061259e-06	7.611550e-06	4.667623e-06	-3.270520e-06	
22.155259	-1.684398e-05	-6.394915e-07	5.389149e-06	-3.831019e-06	
22.156260	-2.718520e-05	-8.135350e-06	4.011968e-06	-9.277553e-07	
22.157261	-5.117310e-05	-4.206854e-06	-1.724292e-09	1.310294e-06	
22.158262	-6.535750e-05	7.763471e-06	-5.248784e-07	2.449459e-07	
22.159263	-3.385758e-05	1.476241e-05	-7.568941e-08	1.493897e-07	
22.160263	1.304139e-05	6.523767e-06	-2.247072e-06	1.301010e-06	
22.161264	2.871030e-05	-3.888012e-06	-2.011198e-06	4.230299e-07	
22.162265	2.697443e-05	-2.620655e-07	-1.300111e-06	6.169617e-08	
22.163266	3.303048e-05	-1.649331e-07	-4.419774e-06	8.007437e-07	
22.164267	3.683443e-05	-5.377446e-06	-3.159433e-06	6.353609e-07	
22.165268	2.986971e-05	-4.821147e-06	1.736944e-06	1.921206e-07	
22.166269	1.337623e-05	-6.473425e-06	-9.332110e-07	1.254673e-07	
22.167270	4.522344e-06	-2.236320e-06	-3.877973e-06	1.546648e-06	
22.168270	1.575879e-05	3.651859e-06	2.898379e-07	1.910309e-06	
22.169271	2.286581e-05	9.136195e-06	3.924346e-06	1.774845e-06	
22.170272	1.565666e-05	1.494976e-05	3.638514e-06	2.926158e-06	
22.171273	6.401009e-06	-1.442750e-06	3.090635e-06	2.293883e-06	
22.172274	-7.944076e-06	-1.829619e-05	3.217648e-06	8.351330e-07	
22.173275	-2.777263e-05	-1.531521e-05	9.110435e-07	-1.860132e-07	
22.174276	-3.918071e-05	-6.436800e-06	-2.941830e-07	-1.104232e-06	
22.175277	-2.982552e-05	5.171411e-06	2.327524e-06	-1.213955e-06	
22.176277	-7.571247e-06	7.974488e-06	-2.670629e-07	-2.050897e-08	
22.177278	2.441050e-06	5.670474e-07	-4.838292e-06	1.084858e-06	
22.178279	2.661114e-06	-3.958848e-06	-7.098026e-07	8.882509e-07	
22.179280	3.630162e-06	-5.092275e-07	2.535204e-06	4.285066e-07	
22.180281	-1.239085e-05	2.153868e-06	2.616213e-07	-7.479575e-07	
22.181282	-3.487695e-05	-5.377807e-06	-1.039804e-06	-1.333706e-06	
22.182283	-3.273071e-05	-1.077402e-05	-2.135805e-06	-6.650646e-07	
22.183284	-1.268872e-05	-9.790432e-06	-5.739412e-07	-8.074485e-07	
22.184284	-3.200594e-06	-5.899615e-06	9.617458e-07	-1.600833e-06	
22.185285	2.747423e-06	4.938126e-06	-9.494988e-07	-1.792559e-06	
22.186286	3.150300e-05	1.498514e-05	-2.058257e-06	-5.571639e-07	
22.187287	3.925757e-05	1.889260e-05	-3.395231e-06	8.788232e-07	
22.188288	6.255310e-06	1.653695e-05	-2.391239e-06	-6.257814e-08	
22.189289	-4.271423e-07	6.315716e-06	-6.428755e-07	-1.993396e-06	
22.190290	1.654717e-05	-2.441147e-06	-3.752474e-06	-1.088240e-06	
22.191291	1.710221e-05	-2.670271e-06	-3.721945e-06	3.599155e-07	
22.192291	1.346383e-05	1.858411e-06	6.425849e-07	3.004507e-07	
22.193292	7.722078e-06	2.451359e-06	2.184510e-06	2.546539e-07	
22.194293	1.029578e-06	-3.118066e-06	4.200560e-06	-1.056232e-06	
22.195294	2.191170e-06	-4.542507e-06	5.536584e-06	-1.163692e-06	
22.196295	4.269658e-07	-2.237974e-06	2.083697e-06	9.460357e-07	
22.197296	-1.553272e-06	-1.193048e-06	1.278327e-06	2.175997e-06	
22.198297	2.601596e-07	1.149110e-07	1.077404e-06	2.605850e-06	
22.199298	-3.149741e-06	-2.936976e-06	-2.274328e-06	8.545439e-07	
22.200299	-6.025975e-06	-7.069000e-06	-7.166607e-07	-2.098067e-06	
22.201299	-1.036599e-05	-5.817853e-06	-8.506263e-08	-2.489516e-06	
22.202300	-1.295599e-05	-3.852082e-06	-2.988261e-06	8.610414e-07	
22.203301	-5.136069e-06	-3.114749e-06	-2.485374e-07	3.001283e-06	
22.204302	-2.317413e-06	-9.665865e-07	3.003402e-06	2.754534e-07	
22.205303	-2.890456e-06	1.183789e-06	3.790180e-06	6.516223e-07	
22.206304	-2.106937e-06	1.343199e-06	4.740088e-06	9.586653e-07	
22.207305	-4.606427e-06	2.506051e-06	9.654149e-07	-2.640153e-06	
22.208306	-4.701670e-06	5.068710e-06	-3.412075e-06	-1.542112e-07	
22.209306	-6.087761e-06	5.264698e-06	-1.712981e-06	3.883066e-06	
22.210307	-6.336398e-06	1.462779e-06	6.612762e-07	3.418422e-06	
22.211308	-3.640544e-06	-3.000768e-06	5.849405e-07	7.460060e-07	
22.212309	-3.569213e-06	-3.835798e-06	-3.792146e-07	-9.570570e-07	
22.213310	-2.844953e-06	-3.824391e-06	-1.834586e-06	4.260768e-07	
22.214311	-1.526835e-06	4.887787e-07	-3.087621e-06	3.790666e-07	
22.215312	-1.232700e-06	7.154969e-06	-2.630413e-06	-1.012489e-06	
22.216313	-1.272441e-05	2.746599e-06	-5.560553e-07	-3.210497e-06	
22.217313	-2.982263e-05	-2.564464e-06	-9.666049e-07	-2.995243e-06	
22.218314	-1.735732e-05	9.320339e-08	-2.277457e-06	6.597434e-07	
22.219315	9.952257e-06	8.827886e-07	-2.690114e-07	4.128994e-07	
22.220316	1.769841e-05	8.448193e-07	1.335321e-06	-1.278631e-06	
22.221317	2.660230e-05	4.371597e-06	4.966949e-07	-2.625762e-06	
22.222318	4.262811e-05	7.459639e-06	3.537218e-07	-2.860998e-06	
22.223319	4.042918e-05	5.553021e-06	1.343298e-06	-1.919781e-06	
22.224320	2.855111e-05	2.086751e-06	2.722713e-06	-3.745346e-06	
22.225320	2.141547e-05	-8.324451e-07	2.251495e-06	-2.808872e-06	
22.226321	1.199002e-05	-5.048515e-06	-1.659596e-07	-5.342226e-07	
22.227322	2.955677e-06	-5.757890e-06	2.705557e-06	-1.686754e-06	
22.228323	-1.388146e-06	-5.492068e-06	4.933252e-06	-1.072467e-06	
22.229324	-6.749819e-07	-1.007311e-05	-8.372162e-07	-6.499939e-07	
22.230325	5.093102e-06	-9.424527e-06	-3.902324e-06	-1.675071e-06	
22.231326	4.796055e-06	-5.295279e-06	-2.279610e-06	1.047363e-06	
22.232327	-2.794966e-06	-1.047943e-05	-2.831020e-07	3.440917e-06	
22.233327	-1.135151e-05	-8.532477e-06	1.589333e-06	3.262618e-06	
22.234328	-2.194568e-05	2.558959e-06	6.075202e-07	2.948501e-06	
22.235329	-4.730096e-05	-1.259033e-06	-2.854649e-06	2.678681e-06	
22.236330	-7.783352e-05	-8.943680e-06	-3.864764e-06	4.202565e-06	
22.237331	-7.674468e-05	-8.194390e-06	-7.566065e-07	2.781229e-06	
22.238332	-4.855529e-05	-2.245434e-06	1.090672e-07	-2.476995e-07	
22.239333	5.253772e-06	1.313564e-05	-8.281972e-07	9.902283e-07	
22.240334	5.775428e-05	2.695423e-05	2.662066e-07	1.952811e-06	
22.241335	3.934070e-05	3.492379e-05	2.032958e-06	1.426569e-06	
22.242335	-1.196991e-05	3.408685e-05	2.763445e-06	1.260139e-06	
22.243336	-2.081203e-05	1.382835e-05	5.614549e-07	2.491188e-06	
22.244337	1.409800e-05	-6.690639e-06	6.023993e-07	3.426662e-06	
22.245338	3.968207e-05	-1.312556e-05	2.214385e-06	1.562955e-06	
22.246339	1.593349e-05	-1.410830e-05	-3.332984e-08	1.589640e-06	
22.247340	-6.535607e-06	-1.071113e-05	-2.144206e-06	3.956745e-06	
22.248341	9.897783e-06	-1.696601e-06	-2.494071e-06	4.706681e-06	
22.249342	3.277448e-05	6.867435e-06	-9.207969e-07	6.413735e-06	
22.250342	3.293068e-05	4.905722e-06	-5.810566e-07	6.500541e-06	
22.251343	1.010377e-05	-7.285289e-06	-3.190579e-06	2.119197e-06	
22.252344	-7.717234e-06	-7.180309e-06	-2.305199e-06	2.175219e-06	
22.253345	-2.074922e-06	9.595067e-06	-4.334607e-07	3.429692e-06	
22.254346	8.023396e-06	9.956181e-06	-8.772880e-07	2.772703e-06	
22.255347	1.462331e-05	-5.960282e-06	-3.425257e-07	3.638493e-06	
22.256348	2.846613e-05	-1.248492e-05	-8.615205e-07	-6.689665e-06	
22.257349	2.168591e-05	-1.268312e-05	-3.012032e-06	-1.973904e-05	
22.258349	-1.878116e-06	-9.908252e-06	-2.611382e-06	-1.927216e-05	
22.259350	-1.687331e-05	-1.081221e-05	2.491299e-07	-1.660391e-05	
22.260351	-3.794319e-05	-1.827107e-05	2.401660e-06	-1.551201e-05	
22.261352	-2.728197e-05	-1.926446e-05	5.184111e-06	-1.075057e-05	
22.262353	-6.139533e-07	-2.488281e-05	6.857731e-06	-5.953803e-06	
22.263354	-1.592487e-05	-3.329089e-05	3.046819e-06	-6.729412e-06	
22.264355	-3.462757e-05	-1.955116e-05	1.214369e-06	-5.690127e-06	
22.265356	-4.164538e-05	6.639379e-06	2.632564e-06	7.911361e-07	
22.266356	-2.966411e-05	2.641863e-05	4.068074e-07	1.787007e-06	
22.267357	-4.063230e-06	3.393691e-05	-4.590895e-09	2.258510e-06	
22.268358	8.524500e-06	3.704921e-05	3.231762e-06	6.465803e-06	
22.269359	2.347363e-05	4.900693e-05	4.696103e-06	8.336457e-06	
22.270360	1.461097e-05	4.505789e-05	2.166536e-06	8.869511e-06	
22.271361	1.147999e-05	1.772617e-05	-1.686419e-06	6.795665e-06	
22.272362	4.524942e-05	1.271203e-06	-2.879220e-07	4.179789e-06	
22.273363	4.896487e-05	-3.265575e-06	3.213052e-07	4.885781e-06	
22.274363	3.974995e-05	-3.960356e-06	-4.865632e-06	4.943154e-06	
22.275364	2.829771e-05	-2.452274e-06	-5.177002e-06	1.325147e-06	
22.276365	-1.157307e-05	-8.384928e-06	-2.348782e-06	-1.557439e-06	
22.277366	-2.717927e-05	-1.230667e-05	-2.909477e-06	1.413162e-06	
22.278367	-1.901211e-05	-1.114141e-05	-8.171269e-07	4.780280e-06	
22.279368	-1.889166e-05	-9.528693e-06	2.481997e-06	2.607172e-06	
22.280369	-1.868946e-05	-1.098896e-05	2.475116e-06	6.238654e-07	
22.281370	-3.499776e-05	-1.878330e-05	1.716826e-06	1.808318e-06	
22.282371	-4.851488e-05	-1.620003e-05	1.135769e-06	1.667569e-06	
22.283371	-2.912439e-05	-8.649713e-06	1.916866e-07	2.215827e-06	
22.284372	-1.129248e-05	-4.863371e-06	-9.717722e-07	5.594321e-06	
22.285373	2.121293e-06	5.947752e-06	-2.944987e-06	5.864550e-06	
22.286374	3.730910e-05	3.854348e-06	-5.565704e-06	3.999716e-06	
22.287375	5.902270e-05	-8.443258e-06	-5.676075e-06	3.817890e-06	
22.288376	3.188999e-05	-1.155859e-05	-2.142588e-06	5.887271e-07	
22.289377	-1.692009e-06	-1.536298e-05	2.644540e-06	-1.613169e-06	
22.290378	-1.152376e-05	-1.381829e-05	4.342206e-06	2.300708e-07	
22.291378	-2.467214e-05	-1.200918e-05	1.411066e-06	-1.885705e-06	
22.292379	-3.097614e-05	-4.752548e-06	-3.587773e-07	-3.422702e-06	
22.293380	-1.607678e-05	2.008368e-05	1.485227e-06	-2.714615e-06	
22.294381	4.768569e-06	2.507414e-05	1.945800e-06	-3.683480e-06	
22.295382	2.541195e-05	2.196747e-05	-1.516766e-06	-1.953395e-06	
22.296383	2.374484e-05	3.511317e-05	-2.567888e-06	-1.534764e-06	
22.297384	9.661897e-06	2.574100e-05	-6.003904e-07	-2.500832e-06	
22.298385	1.085867e-05	1.973746e-06	-2.739790e-06	-1.773893e-06	
22.299385	5.069804e-06	-9.353748e-06	-3.777792e-06	-2.978013e-06	
22.300386	-8.505693e-06	-1.346943e-05	-4.282606e-07	-1.835174e-06	
22.301387	-1.185690e-05	-3.267325e-06	1.182973e-06	-5.215732e-07	
22.302388	-1.135874e-05	3.112870e-06	1.995220e-06	-3.480495e-06	
22.303389	-5.408151e-06	6.025364e-07	2.151892e-06	-2.234301e-06	
22.304390	1.520108e-05	1.272769e-05	2.975231e-07	2.531944e-06	
22.305391	4.346616e-05	9.396676e-06	6.781290e-07	7.335628e-07	
22.306392	5.724557e-05	-1.438622e-05	2.022528e-06	-3.675167e-06	
22.307392	3.760821e-05	-2.067657e-05	6.252176e-07	-7.636999e-07	
22.308393	-2.404175e-05	-1.571282e-05	-1.551679e-06	1.724093e-06	
22.309394	-5.504419e-05	-1.674561e-05	-1.760285e-06	-3.103531e-06	
22.310395	-2.019583e-05	-1.951062e-05	7.596654e-07	-4.891949e-06	
22.311396	-4.851631e-05	-4.104730e-06	2.168355e-06	-3.845985e-06	
22.312397	-1.151666e-04	1.682812e-05	1.250419e-06	-5.159286e-06	
22.313398	-9.611427e-05	1.242493e-05	-1.058998e-06	-4.019502e-06	
22.314399	-4.107228e-05	-7.456147e-06	-2.762836e-06	-4.340704e-06	
22.315399	3.240291e-05	-1.863143e-05	1.299689e-06	-5.780254e-06	
22.316400	1.137712e-04	5.140058e-06	4.507959e-06	6.169571e-07	
22.317401	1.160832e-04	3.267405e-05	1.638247e-06	6.368479e-06	
22.318402	5.939640e-05	1.381567e-05	-3.795237e-06	4.872763e-06	
22.319403	3.725292e-05	-1.243619e-05	-6.791065e-06	5.079501e-06	
22.320404	5.589684e-05	-1.962860e-05	-3.418417e-07	6.141753e-06	
22.321405	3.450501e-05	-2.920952e-05	5.368520e-06	2.738638e-06	
22.322406	-3.118675e-05	-2.418129e-05	3.884282e-06	2.412872e-06	
22.323406	-5.715229e-05	1.209074e-05	4.659077e-06	7.625540e-06	
22.324407	-4.041130e-05	4.456332e-05	4.588507e-06	8.826313e-06	
22.325408	-3.340667e-05	4.568922e-05	1.456322e-07	6.058602e-06	
22.326409	-2.926271e-05	2.998959e-05	-3.391203e-06	4.159071e-06	
22.327410	-1.221469e-05	1.053207e-05	-1.956788e-06	3.950271e-06	
22.328411	-2.587987e-06	-1.180076e-05	1.840729e-06	3.581214e-06	
22.329412	4.455724e-06	-2.332757e-05	2.094815e-06	3.967629e-07	
22.330413	1.371398e-05	-1.628111e-05	1.147361e-07	1.770105e-06	
22.331414	-1.446443e-06	-1.502888e-05	-1.210970e-06	6.508007e-06	
22.332414	-1.251407e-05	-1.287828e-05	3.138469e-07	6.445349e-06	
22.333415	-4.226847e-07	5.092425e-06	1.203480e-06	2.946097e-06	
22.334416	-9.018975e-06	3.002699e-06	-9.847230e-07	-2.151006e-06	
22.335417	-7.871782e-06	-1.057898e-06	8.001325e-08	-1.787442e-06	
22.336418	2.219678e-05	1.822624e-05	-1.758237e-06	-9.359366e-07	
22.337419	1.411442e-05	1.590000e-05	-5.978205e-06	-7.151582e-06	
22.338420	-1.941021e-05	-9.456124e-07	-2.644399e-06	-1.028039e-05	
22.339421	-2.435664e-05	7.813621e-07	-1.386673e-06	-1.146572e-05	
22.340421	-9.005171e-06	3.406899e-06	-1.547460e-06	-1.049559e-05	
22.341422	1.167716e-05	-1.539799e-06	4.340403e-06	-3.624430e-06	
22.342423	2.872580e-05	-5.796106e-08	5.055960e-06	-3.973900e-07	
22.343424	3.042689e-05	8.001260e-06	3.972589e-08	-2.075398e-06	
22.344425	2.584353e-05	4.724066e-06	-1.762616e-06	-7.638925e-06	
22.345426	1.182174e-05	-1.359772e-05	-2.764972e-06	-1.252118e-05	
22.346427	-3.150838e-05	-2.507094e-05	-2.931649e-06	-8.454705e-06	
22.347428	-6.756988e-05	-2.150904e-05	-8.973471e-07	-5.665241e-06	
22.348428	-4.575027e-05	-1.708958e-05	-1.426622e-06	-7.651584e-06	
22.349429	2.955202e-06	-1.915859e-05	-1.803047e-06	-6.278035e-06	
22.350430	9.912269e-06	-1.488365e-05	-6.013750e-07	-6.518960e-06	
22.351431	-8.419682e-07	6.053592e-06	-1.637077e-06	-1.126205e-05	
22.352432	3.627637e-05	1.554000e-05	-1.820613e-06	-1.366962e-05	
22.353433	4.757753e-05	-4.919897e-06	-8.778306e-07	-8.519667e-06	
22.354434	-8.778145e-06	-2.250563e-05	-4.782903e-07	1.073474e-06	
22.355435	-3.110807e-05	-2.181510e-05	7.815014e-07	7.168924e-06	
22.356435	-2.960906e-05	-1.096797e-05	2.413670e-06	1.125408e-05	
22.357436	-6.633634e-05	7.950466e-06	1.994005e-06	1.788286e-05	
22.358437	-7.065356e-05	1.423575e-05	1.484290e-06	2.077469e-05	
22.359438	1.664537e-05	5.992211e-06	4.226621e-06	1.633005e-05	
22.360439	1.020408e-04	1.070305e-05	4.278152e-06	1.487167e-05	
22.361440	9.168024e-05	2.718826e-05	2.539471e-06	1.799154e-05	
22.362441	5.128152e-05	4.329130e-05	1.496961e-06	1.663734e-05	
22.363442	3.512650e-05	5.288646e-05	-9.812510e-07	1.452011e-05	
22.364442	2.245299e-05	3.855291e-05	4.836568e-07	1.068166e-05	
22.365443	2.581811e-05	7.866482e-06	1.959859e-07	2.033919e-06	
22.366444	3.433798e-05	-6.211003e-06	-1.844252e-06	-2.999621e-06	
22.367445	2.175060e-05	-1.196415e-06	-2.595841e-07	-7.110516e-06	
22.368446	-1.137856e-05	-3.866798e-06	-3.078774e-06	-8.094634e-06	
22.369447	-3.629314e-05	-1.121746e-05	-2.548722e-06	-6.736322e-06	
22.370448	-2.477792e-05	-5.024329e-06	3.053471e-06	-1.177800e-05	
22.371449	-1.837293e-05	-3.238323e-06	2.263686e-06	-3.151191e-06	
22.372450	-4.223564e-05	-9.790305e-06	5.363883e-07	1.618205e-05	
22.373450	-5.887451e-05	-1.011048e-05	-1.779941e-06	1.429476e-05	
22.374451	-5.582774e-05	-1.389626e-05	-5.441404e-06	1.702215e-06	
22.375452	-3.807614e-05	-2.141681e-05	-2.698394e-06	-1.820061e-06	
22.376453	5.265120e-06	-2.436514e-05	5.139058e-07	-1.884298e-06	
22.377454	4.279416e-05	-2.828886e-05	1.259544e-06	7.179623e-07	
22.378455	2.026450e-05	-2.808507e-05	4.831088e-06	4.060392e-06	
22.379456	-2.071673e-05	-1.042937e-05	5.145232e-06	3.498552e-07	
22.380457	-3.370390e-05	-4.190949e-07	2.040555e-06	-4.813063e-06	
22.381457	-5.425843e-05	-1.394801e-05	1.329773e-06	-8.565717e-06	
22.382458	-6.448600e-05	-8.380738e-06	5.314857e-07	-1.304390e-05	
22.383459	-3.544903e-05	2.535438e-05	6.344814e-07	-1.018884e-05	
22.384460	5.320120e-06	4.532777e-05	-5.013305e-07	-2.039082e-06	
22.385461	5.496315e-05	3.036692e-05	-5.589868e-06	4.065519e-06	
22.386462	8.451036e-05	8.774663e-06	-5.377212e-06	1.015269e-05	
22.387463	6.651706e-05	8.236371e-06	-2.040397e-06	9.631251e-06	
22.388464	5.276351e-05	6.519747e-06	-3.930215e-06	-1.628879e-06	
22.389464	5.591775e-05	-2.273099e-06	-4.469478e-06	-1.093378e-05	
22.390465	3.509580e-05	-7.886052e-06	-3.428445e-06	-1.595872e-05	
22.391466	3.092479e-06	-1.033069e-05	-4.732770e-06	-2.356816e-05	
22.392467	-1.642402e-05	-1.264242e-06	-3.144884e-06	-2.758857e-05	
22.393468	-3.863866e-05	-5.606699e-07	1.367164e-07	-2.967122e-05	
22.394469	-5.682718e-05	-8.349022e-06	1.065383e-06	-3.229015e-05	
22.395470	-5.655137e-05	2.059760e-06	1.815783e-06	-1.885114e-05	
22.396471	-3.657338e-05	7.602141e-06	4.068572e-06	6.026331e-06	
22.397471	7.516003e-06	-4.846087e-06	8.733411e-06	2.135420e-05	
22.398472	2.581034e-05	-1.026525e-05	1.204059e-05	2.391668e-05	
22.399473	-7.808988e-06	-5.916405e-06	7.191680e-06	1.739036e-05	
22.400474	-1.321397e-05	1.587799e-06	9.853783e-07	1.162240e-05	
22.401475	3.918833e-05	8.735050e-06	1.608191e-07	9.247891e-06	
22.402476	5.495989e-05	2.423569e-06	-1.187349e-06	6.551021e-07	
22.403477	2.041592e-06	-6.518659e-06	-1.932948e-06	-8.599601e-06	
22.404478	-3.068703e-05	1.074522e-07	-2.010516e-06	-1.115849e-05	
22.405478	-4.238778e-05	-2.006598e-07	-4.593972e-06	-8.107633e-06	
22.406479	-5.186927e-05	-1.421095e-05	-3.422661e-06	4.325878e-06	
22.407480	-1.173995e-05	-2.170219e-05	-6.580594e-07	1.593981e-05	
22.408481	1.266347e-05	-2.561943e-05	5.346749e-07	1.851009e-05	
22.409482	2.042148e-05	-1.397971e-05	3.152955e-06	2.447142e-05	
22.410483	8.712579e-05	2.294754e-05	2.289296e-06	2.649158e-05	
22.411484	9.878401e-05	4.671624e-05	3.729011e-07	1.801176e-05	
22.412485	4.062869e-06	3.413953e-05	1.893592e-06	1.324668e-05	
22.413486	-5.224595e-05	9.956137e-06	1.850892e-06	1.247007e-05	
22.414486	-2.030389e-05	1.725923e-06	8.877294e-08	1.049972e-05	
22.415487	1.453191e-05	6.949384e-06	-1.040736e-06	2.317351e-06	
22.416488	4.996674e-06	6.841933e-06	-2.554526e-06	-6.854006e-06	
22.417489	-1.535252e-05	3.392820e-07	-3.596413e-06	-6.805609e-06	
22.418490	-1.576691e-05	-2.547474e-06	-1.414034e-06	-6.404716e-06	
22.419491	-7.135080e-06	-2.261517e-06	-7.501817e-07	-8.284221e-06	
22.420492	-7.876019e-06	-1.369016e-06	-3.510836e-06	-1.007469e-05	
22.421493	-1.691419e-05	-3.606733e-06	-2.822437e-06	-1.275739e-05	
22.422493	-2.619899e-05	-1.272722e-05	-1.902511e-06	-1.422663e-05	
22.423494	-2.802117e-05	-1.146899e-05	-2.812263e-06	-1.449743e-05	
22.424495	-8.330439e-06	5.942192e-06	-1.212808e-06	-1.187640e-05	
22.425496	9.491617e-06	7.875243e-06	6.961454e-08	-9.928726e-06	
22.426497	3.336878e-06	-5.789544e-06	1.067206e-06	-8.606194e-06	
22.427498	6.767723e-06	-7.253004e-06	2.635429e-06	-4.459836e-06	
22.428499	1.048283e-05	-1.049082e-05	1.486122e-06	-7.263440e-07	
22.429500	-1.272676e-05	-2.754081e-05	1.290856e-06	3.000359e-06	
22.430500	-1.259121e-05	-2.941594e-05	3.870229e-06	3.985709e-06	
22.431501	1.771385e-05	-1.188007e-05	2.820589e-06	1.779267e-06	
22.432502	1.277397e-05	-1.057146e-06	-1.514360e-07	2.661129e-06	
22.433503	-1.712528e-05	7.481277e-06	-2.666214e-07	3.696347e-06	
22.434504	-3.054151e-05	2.060128e-05	-2.529196e-07	4.130698e-06	
22.435505	-2.933929e-05	2.078439e-05	-5.825735e-07	7.327372e-06	
22.436506	-8.457366e-06	9.645764e-06	-1.605823e-07	5.167487e-06	
22.437507	2.368811e-05	5.120085e-06	-1.101891e-06	-3.269072e-07	
22.438507	4.511395e-05	8.396745e-06	-2.321111e-06	4.294267e-08	
22.439508	4.475367e-05	5.829247e-06	2.629771e-07	-2.374491e-06	
22.440509	2.910915e-05	-1.168197e-07	1.660198e-06	-7.097953e-06	
22.441510	1.822810e-05	4.891621e-06	-2.899402e-06	-7.390002e-06	
22.442511	1.832762e-06	8.614045e-06	-4.314189e-06	-5.572911e-06	
22.443512	-1.659804e-05	1.402403e-06	-2.115542e-07	-5.822334e-07	
22.444513	-1.790776e-05	-1.884625e-06	2.603872e-06	1.983475e-07	
22.445514	-1.710779e-05	-6.329270e-07	4.329338e-06	4.530962e-07	
22.446514	-1.223588e-05	-1.624693e-06	4.214880e-06	7.511304e-06	
22.447515	-9.566156e-08	-6.509010e-06	3.512992e-07	6.431748e-06	
22.448516	5.637532e-06	-8.877747e-06	-2.018038e-06	2.930577e-06	
22.449517	1.698822e-05	1.036695e-06	4.471838e-07	8.026598e-06	
22.450518	3.500837e-05	-1.097628e-06	3.274193e-06	9.047008e-06	
22.451519	3.869942e-05	-2.351015e-05	3.547474e-06	4.826722e-06	
22.452520	1.270180e-05	-3.617569e-05	3.392128e-06	1.430224e-06	
22.453521	-3.944145e-05	-4.005708e-05	1.605847e-06	-6.549407e-07	
22.454522	-7.041744e-05	-2.850017e-05	-2.790147e-06	1.321409e-06	
22.455522	-4.964179e-05	1.739731e-05	-4.246350e-06	4.256912e-06	
22.456523	-1.448437e-05	5.601777e-05	-2.433332e-06	2.535452e-06	
22.457524	6.208922e-06	4.669922e-05	-1.838002e-06	-6.181954e-07	
22.458525	1.743287e-05	1.607052e-05	-2.996281e-06	-2.555286e-06	
22.459526	1.578198e-05	3.663918e-06	-2.287392e-06	-4.714382e-06	
22.460527	1.061624e-05	1.141106e-05	2.046998e-06	-4.028162e-06	
22.461528	1.331739e-05	1.394598e-05	1.792611e-06	-3.782108e-06	
22.462529	6.230757e-07	2.630201e-06	-2.159472e-06	-1.036940e-05	
22.463529	-1.952391e-05	-2.311836e-06	-2.284045e-06	-1.564048e-05	
22.464530	-1.183333e-05	1.777246e-06	-2.978452e-06	-1.532197e-05	
22.465531	6.349691e-06	2.618703e-07	-2.362143e-06	-1.392109e-05	
22.466532	1.200512e-05	-2.035171e-06	2.940633e-07	-7.659723e-06	
22.467533	9.984564e-06	-2.522533e-06	-1.528521e-06	-7.057356e-07	
22.468534	5.405606e-06	-5.707819e-06	-2.705609e-06	2.071973e-06	
22.469535	2.925412e-06	-6.599391e-06	6.587243e-07	8.306332e-06	
22.470536	1.315956e-06	-5.250575e-06	2.668645e-06	1.276098e-05	
22.471536	3.495475e-06	-6.464066e-07	2.203764e-06	1.325455e-05	
22.472537	4.605020e-06	2.593082e-06	2.682094e-06	1.750943e-05	
22.473538	-2.426745e-06	-3.744378e-06	2.241405e-06	1.714102e-05	
22.474539	-5.575271e-06	-1.036623e-05	1.099634e-06	8.018416e-06	
22.475540	-7.900950e-06	-1.662868e-05	2.470344e-06	-1.502361e-06	
22.476541	-1.191625e-05	-2.101255e-05	3.544955e-06	-4.695939e-06	
22.477542	-7.803728e-06	-1.542474e-05	1.529478e-06	-1.511792e-07	
22.478543	-2.885866e-06	-9.291645e-06	-8.782709e-07	1.350292e-06	
22.479543	1.726084e-06	-3.079669e-06	2.135770e-06	-2.087358e-06	
22.480544	1.316459e-05	7.985475e-06	4.975999e-06	-1.548302e-06	
22.481545	1.852729e-05	1.391128e-05	1.256324e-06	-4.845119e-07	
22.482546	6.817943e-06	5.998607e-06	-3.149495e-07	1.917032e-07	
22.483547	-3.752470e-06	3.635913e-07	-9.718922e-07	2.219559e-06	
22.484548	-2.661321e-07	1.043265e-05	-3.641049e-06	3.149123e-06	
22.485549	4.212444e-06	8.102232e-06	-2.418803e-06	1.498243e-06	
22.486550	3.058263e-06	-4.820126e-06	-3.855495e-07	-5.509358e-06	
22.487550	3.180360e-06	-1.459749e-06	-9.753774e-07	-9.653921e-06	
22.488551	3.926824e-06	2.393119e-06	-2.030259e-06	-7.031873e-06	
22.489552	-9.688625e-07	7.901234e-06	-2.670750e-06	-5.035211e-06	
22.490553	-6.400212e-06	1.488540e-05	-3.899337e-06	-3.015886e-06	
22.491554	-9.624133e-06	1.376180e-06	-2.443934e-06	-2.886434e-06	
22.492555	-1.186091e-05	-1.179976e-05	-9.702388e-08	-3.305119e-06	
22.493556	-8.469171e-06	-1.469319e-05	-1.057538e-06	6.822764e-07	
22.494557	-1.677059e-06	-1.037783e-05	7.601531e-07	1.871060e-06	
22.495558	4.792088e-06	8.905205e-06	1.859860e-06	2.604602e-07	
22.496558	5.859534e-06	1.572648e-05	1.621590e-07	6.710566e-07	
22.497559	3.407953e-06	8.285497e-06	1.201377e-06	-1.570867e-06	
22.498560	3.872625e-06	8.505259e-06	8.896058e-07	-3.298234e-06	
22.499561	1.180661e-06	7.799907e-06	1.871006e-07	-6.742979e-07	
22.500562	-1.962628e-06	6.299116e-07	1.186043e-06	-2.485280e-08	
22.501563	-1.470787e-06	-5.500145e-06	1.858280e-06	1.177322e-07	
22.502564	-1.031814e-06	-2.468580e-07	2.338622e-06	2.690359e-06	
22.503565	-8.601715e-07	4.316088e-06	3.114691e-06	3.851608e-06	
22.504565	-2.687308e-06	-2.865469e-06	2.492254e-06	5.625809e-06	
22.505566	-2.837683e-06	-6.975319e-06	-2.132537e-06	6.796462e-06	
22.506567	1.386393e-07	-7.567308e-06	-3.274035e-06	3.427612e-06	
22.507568	3.024226e-07	-6.588409e-06	-9.519267e-08	-3.683614e-07	
22.508569	-3.496277e-06	-3.932492e-06	-8.678539e-07	-2.494854e-06	
22.509570	-6.971034e-06	-5.222170e-06	-1.209682e-06	-1.648606e-06	
22.510571	-6.476134e-06	-2.746225e-06	-8.938296e-07	-1.667406e-06	
22.511572	-3.027565e-06	5.118145e-06	-4.126321e-06	-6.132435e-06	
22.512572	1.436481e-06	4.711357e-06	-1.998966e-06	-2.618110e-06	
22.513573	2.510896e-06	-2.060079e-06	3.487056e-06	6.861085e-06	
22.514574	1.490019e-06	-1.156845e-06	1.302376e-06	7.055461e-06	
22.515575	3.533701e-06	4.325116e-08	-1.603673e-06	3.002898e-06	
22.516576	4.024399e-06	-3.980847e-06	-1.908294e-06	4.683232e-07	
22.517577	4.017847e-06	-2.813202e-06	-2.884588e-06	-1.715788e-06	
22.518578	4.729398e-06	1.278520e-06	-1.031686e-06	-1.591291e-06	
22.519579	2.168036e-06	3.011943e-06	-9.681837e-07	-9.556631e-07	
22.520579	1.737085e-06	2.576673e-06	-2.604450e-06	-1.122301e-06	
22.521580	1.667710e-06	3.041651e-06	8.436308e-07	-3.130261e-06	
22.522581	-2.514895e-06	4.472894e-06	2.603505e-06	-3.197305e-06	
22.523582	-3.002643e-06	3.500619e-06	6.146606e-07	9.149260e-07	
22.524583	1.618437e-06	2.177333e-06	1.799470e-06	-9.953477e-08	
22.525584	6.898271e-06	-1.578400e-06	1.634970e-06	-3.446795e-06	
22.526585	9.628263e-06	-3.107685e-06	9.129210e-07	-2.052533e-06	
22.527586	5.410064e-06	-6.916953e-07	4.838713e-06	-1.425773e-06	
22.528586	1.188027e-06	-2.172863e-06	5.262625e-06	-1.482982e-06	
22.529587	1.736971e-06	-2.649197e-06	1.878026e-06	5.420359e-07	
22.530588	-6.633940e-07	-2.789341e-07	-9.124713e-07	1.784841e-06	
22.531589	-2.630549e-06	2.303880e-06	-2.522033e-06	7.540383e-07	
22.532590	-2.222389e-06	5.944476e-07	1.116802e-06	-1.688724e-06	
22.533591	-3.515944e-06	-2.129761e-06	3.112538e-06	-2.002857e-06	
22.534592	-1.686289e-06	4.433473e-06	-2.534013e-06	-1.139302e-06	
22.535593	-1.632394e-06	4.912351e-06	-5.971867e-06	-2.925040e-06	
22.536594	-6.090739e-06	-4.162034e-06	-2.226813e-06	-1.024385e-06	
22.537594	-6.050030e-06	-7.983952e-06	2.216054e-07	3.220144e-06	
22.538595	-3.438834e-06	-7.521354e-06	-1.890686e-06	2.195255e-06	
22.539596	-1.242558e-06	-3.931402e-06	-5.899987e-07	2.920554e-06	
22.540597	2.153956e-07	-3.933829e-06	2.260669e-06	5.449704e-06	
22.541598	-2.550741e-06	-6.463377e-06	1.492904e-06	4.949882e-06	
22.542599	-3.764589e-06	-1.683833e-06	3.526930e-06	4.859322e-06	
22.543600	-6.645376e-07	4.253359e-06	3.990934e-06	2.675158e-06	
22.544601	-4.668293e-07	7.288215e-06	-6.049770e-07	-1.154530e-06	
22.545601	-2.007497e-06	4.041835e-06	-3.691215e-07	-1.873348e-06	
22.546602	-6.706582e-07	-1.881091e-06	-5.726216e-07	-2.088083e-07	
22.547603	2.781258e-06	4.679885e-06	-2.377906e-06	2.186444e-06	
22.548604	2.656657e-06	1.195359e-05	-3.331566e-08	1.792948e-06	
22.549605	-7.531068e-08	1.832113e-06	-1.100640e-06	-1.009839e-06	
22.550606	1.538467e-06	-1.137090e-05	-1.354986e-06	5.025431e-07	
22.551607	3.310053e-07	-8.016814e-06	8.222069e-07	3.389240e-06	
22.552608	-1.908074e-07	9.225142e-06	-7.503193e-07	-1.900445e-07	
22.553608	4.832649e-06	1.333746e-05	-3.428386e-07	-4.575874e-06	
22.554609	3.680299e-06	-3.693265e-06	1.412614e-06	-4.045153e-06	
22.555610	2.975785e-06	-7.569316e-06	2.002355e-06	-3.552470e-06	
22.556611	3.111394e-06	1.605892e-06	1.426983e-06	-3.813989e-06	
22.557612	-1.572356e-06	2.358736e-06	6.346849e-07	-3.897204e-06	
22.558613	-2.082159e-06	8.934289e-06	2.772779e-06	-3.487805e-06	
22.559614	-9.191266e-07	1.033105e-05	3.849167e-06	2.478665e-07	
22.560615	-2.229990e-06	-2.386024e-06	5.127217e-06	1.412082e-06	
22.561615	-4.824459e-06	-5.341137e-06	6.111561e-06	-8.666535e-07	
22.562616	-3.374742e-06	-8.049950e-06	2.821586e-06	1.386466e-07	
22.563617	8.927910e-07	-6.415712e-06	-2.882012e-06	4.778412e-07	
22.564618	1.737366e-06	1.485863e-05	-1.166135e-05	-1.079698e-06	
22.565619	5.372907e-06	2.209217e-05	-1.509752e-05	-1.626021e-06	
22.566620	6.874156e-06	9.741299e-06	-1.157620e-05	-1.126611e-06	
22.567621	2.788878e-06	6.545310e-06	-1.092609e-05	1.078089e-06	
22.568622	1.195670e-06	7.605228e-06	-1.002632e-05	4.295096e-07	
22.569622	1.955803e-06	1.894177e-06	-8.624422e-06	-2.948400e-06	
22.570623	2.249036e-06	8.974379e-07	-8.709625e-06	-3.136151e-06	
22.571624	-3.638170e-09	7.278432e-06	-7.107980e-06	-1.853085e-06	
22.572625	-3.966143e-06	2.799540e-06	-3.350344e-06	-5.243829e-07	
22.573626	-8.193517e-06	-1.182604e-05	6.247061e-06	7.196696e-07	
22.574627	-6.577184e-06	-2.224385e-05	1.924269e-05	4.162408e-07	
22.575628	-1.920834e-06	-2.433080e-05	2.674568e-05	1.342296e-06	
22.576629	-2.427288e-06	-1.423039e-05	2.767068e-05	1.896219e-06	
22.577629	2.818294e-07	-1.474727e-05	2.206522e-05	6.519710e-07	
22.578630	3.064300e-06	-3.960871e-05	1.190737e-05	2.115995e-06	
22.579631	2.318195e-07	-4.631132e-05	4.228230e-06	3.741239e-06	
22.580632	-1.637904e-06	-2.600075e-05	-1.696108e-06	3.221453e-06	
22.581633	-7.336667e-07	-9.565191e-06	-6.940276e-06	3.607902e-06	
22.582634	2.054290e-06	1.199897e-05	-8.697276e-06	4.386095e-06	
22.583635	2.425290e-06	3.299273e-05	-1.313139e-05	5.249841e-06	
22.584636	3.571355e-06	2.302316e-05	-1.864463e-05	5.094936e-06	
22.585637	5.065478e-06	5.159826e-06	-1.720303e-05	4.945976e-06	
22.586637	6.222138e-07	5.862914e-06	-1.533342e-05	7.810279e-06	
22.587638	-2.335371e-06	1.704509e-06	-1.240262e-05	8.406022e-06	
22.588639	-2.775805e-06	-1.349029e-05	-4.426336e-06	7.258818e-06	
22.589640	-3.276987e-06	-1.580113e-05	1.480003e-06	7.539942e-06	
22.590641	-2.167499e-06	-1.120637e-05	5.485093e-06	1.904455e-06	
22.591642	-3.213434e-06	1.241125e-06	6.960170e-06	-5.419555e-06	
22.592643	-2.965842e-06	3.700537e-05	9.472989e-06	-5.714150e-06	
22.593644	1.184351e-06	4.988345e-05	1.822585e-05	-7.614370e-06	
22.594644	5.196198e-06	4.196210e-05	2.036574e-05	-1.129062e-05	
22.595645	7.031129e-06	6.311883e-05	1.495704e-05	-7.374996e-06	
22.596646	2.840294e-06	5.599329e-05	8.840925e-06	-4.908021e-06	
22.597647	-1.101413e-06	1.835521e-05	-7.990526e-07	-5.695508e-06	
22.598648	-1.842210e-07	1.369184e-05	-5.018643e-06	-2.894292e-06	
22.599649	-1.290816e-06	-2.132301e-06	-2.230064e-06	-4.017855e-06	
22.600650	-3.800342e-06	-3.937657e-05	-3.502242e-06	-4.806889e-06	
22.601651	-7.326693e-06	-4.826375e-05	-6.080908e-06	-1.198711e-06	
22.602651	-6.255582e-06	-3.517535e-05	-5.660342e-06	-1.515732e-06	
22.603652	5.307974e-08	-2.486017e-05	-3.651915e-06	-1.838694e-06	
22.604653	1.208266e-06	-1.866850e-05	-4.958317e-07	3.222383e-07	
22.605654	3.123420e-06	-5.101708e-06	1.158495e-06	-8.823231e-07	
22.606655	5.420355e-06	8.422411e-06	1.589962e-06	-3.232159e-06	
22.607656	2.853445e-06	2.780312e-06	2.597538e-06	-2.274474e-06	
22.608657	1.116378e-06	-2.687945e-05	9.859888e-07	-3.602598e-06	
22.609658	1.788112e-06	-3.315335e-05	-4.193118e-06	-5.773223e-06	
22.610658	5.760561e-06	7.364884e-06	-8.596910e-06	-2.176624e-06	
22.611659	5.746373e-06	1.847641e-05	-1.234350e-05	-1.353737e-06	
22.612660	-6.407761e-07	5.558939e-06	-1.455956e-05	-4.542513e-06	
22.613661	-3.799916e-06	2.013756e-05	-1.187168e-05	-3.545318e-06	
22.614662	-3.454021e-06	2.050495e-05	-1.003348e-05	6.292346e-07	
22.615663	-8.909932e-07	-9.607040e-06	-1.028536e-05	2.274513e-06	
22.616664	1.283383e-06	-3.738564e-05	-7.772882e-06	3.408990e-07	
22.617665	1.862167e-06	-3.396748e-05	-4.801221e-06	5.172720e-07	
22.618665	2.935502e-06	-2.234348e-05	-3.409897e-06	1.269335e-06	
22.619666	1.380232e-07	-3.054430e-05	-1.194876e-06	1.849791e-06	
22.620667	-2.573750e-06	-2.627260e-05	4.872751e-06	4.773879e-06	
22.621668	-1.824909e-06	-1.911529e-06	1.070332e-05	6.457421e-06	
22.622669	-3.231218e-06	2.470614e-05	8.489409e-06	8.288330e-06	
22.623670	-2.134076e-06	3.231824e-05	7.412166e-06	7.588964e-06	
22.624671	1.607793e-06	1.287885e-05	1.690306e-05	5.203357e-06	
22.625672	1.041015e-06	-5.473360e-06	1.979203e-05	7.239773e-06	
22.626673	6.503699e-07	1.277295e-05	1.321217e-05	6.100495e-06	
22.627673	-4.520392e-07	6.653682e-05	1.432310e-05	2.751842e-06	
22.628674	-3.684875e-06	7.734954e-05	1.495355e-05	3.327738e-06	
22.629675	-2.096814e-06	3.033900e-05	9.892724e-06	3.201220e-06	
22.630676	-1.713510e-06	-2.229797e-06	6.431951e-06	1.545517e-06	
22.631677	-4.320017e-06	-3.281820e-05	-1.430918e-06	6.636670e-07	
22.632678	-3.723402e-06	-6.510672e-05	-7.252786e-06	1.053736e-06	
22.633679	-3.735006e-06	-4.926126e-05	-3.384360e-06	1.349899e-06	
22.634680	-1.969796e-06	-2.892911e-05	-1.534354e-06	1.117662e-06	
22.635680	1.138190e-06	-3.682943e-05	-3.010466e-06	4.187927e-07	
22.636681	-1.417514e-06	-2.610965e-05	-4.751089e-06	-1.067424e-07	
22.637682	-1.929363e-06	1.501296e-05	-7.434093e-06	-5.358433e-07	
22.638683	3.794508e-06	8.462661e-05	-5.493968e-06	-3.150522e-06	
22.639684	5.442398e-06	1.176800e-04	-4.529194e-06	-2.997358e-06	
22.640685	1.701182e-06	4.174860e-05	-6.995187e-06	-2.269432e-06	
22.641686	1.490540e-06	-3.119444e-05	-6.032222e-06	-6.450173e-06	
22.642687	3.722871e-06	-2.048203e-05	-6.480152e-06	-7.259107e-06	
22.643687	2.706636e-06	-2.037030e-05	-5.848930e-06	-4.285872e-06	
22.644688	2.891509e-06	-4.951565e-05	-2.732652e-06	-2.154257e-06	
22.645689	6.612932e-06	-3.861026e-05	-4.704652e-06	-7.125519e-07	
22.646690	5.840652e-06	-1.933023e-05	-4.282407e-06	-1.744931e-07	
22.647691	-2.034004e-06	-4.027221e-05	-2.115898e-06	-8.549821e-07	
22.648692	-6.034335e-06	-5.696430e-05	-3.456059e-06	-3.504045e-06	
22.649693	-3.108451e-06	-6.469083e-06	-1.352554e-06	-1.402208e-06	
22.650694	-1.874173e-06	9.537634e-05	7.283156e-07	1.990406e-06	
22.651694	-1.393491e-06	1.067710e-04	-5.357711e-08	-3.379628e-06	
22.652695	5.716614e-08	2.945341e-05	-3.120027e-06	-7.506196e-06	
22.653696	1.866508e-06	2.087597e-05	-3.826301e-06	-4.025334e-06	
22.654697	4.465285e-06	3.380345e-05	4.749721e-06	2.360899e-06	
22.655698	2.251626e-06	8.611302e-06	7.170174e-06	6.532612e-06	
22.656699	-2.401016e-06	-1.276985e-05	3.146498e-06	2.658621e-06	
22.657700	-3.465933e-06	-2.743953e-05	5.999204e-06	-5.029163e-07	
22.658701	-2.959924e-06	-1.707360e-05	4.351033e-06	3.769742e-06	
22.659701	-1.011390e-06	-2.324040e-05	2.342725e-06	4.607316e-06	
22.660702	1.896534e-06	-5.096405e-05	6.570464e-06	3.603920e-07	
22.661703	2.319526e-06	-4.461253e-05	3.296690e-06	-2.468354e-06	
22.662704	-5.421087e-07	-3.877311e-05	-1.321884e-06	-2.991924e-06	
22.663705	-5.407784e-06	-5.287527e-05	-4.623996e-07	-8.990199e-07	
22.664706	-6.525497e-06	-5.409244e-05	1.256793e-06	4.948021e-07	
22.665707	-2.311367e-06	-2.381745e-05	3.239997e-06	4.525054e-07	
22.666708	-1.438421e-07	-4.619905e-06	-8.134367e-08	1.844749e-06	
22.667709	2.051617e-06	-2.151613e-05	-5.345197e-06	1.670206e-06	
22.668709	5.504125e-06	-7.178979e-06	-4.619074e-06	1.238072e-06	
22.669710	4.910751e-06	4.098765e-05	-2.454642e-06	2.674431e-06	
22.670711	2.871548e-06	6.054756e-05	-3.126274e-06	1.662861e-06	
22.671712	1.737540e-06	6.052915e-05	-3.732747e-06	4.759412e-07	
22.672713	3.753204e-06	8.468000e-05	-2.521372e-06	6.228009e-07	
22.673714	3.746293e-06	9.419132e-05	-7.981604e-09	-1.431124e-06	
22.674715	-1.614472e-06	4.114216e-05	2.979270e-06	-1.814148e-06	
22.675716	-1.782392e-06	-3.863007e-06	3.566396e-06	1.812911e-07	
22.676716	-4.651698e-07	1.710994e-06	3.073507e-06	-1.193766e-06	
22.677717	-2.254833e-06	1.040267e-05	3.594485e-06	-2.424818e-06	
22.678718	-9.180681e-07	-6.611717e-06	4.692454e-06	1.353172e-07	
22.679719	-1.476911e-06	-4.256047e-05	5.327318e-06	1.432790e-06	
22.680720	-5.585688e-06	-6.087773e-05	2.385188e-06	1.207697e-06	
22.681721	-5.239140e-06	-4.808028e-05	4.951989e-07	-4.038269e-07	
22.682722	-3.602213e-06	-2.023230e-05	7.811970e-07	-3.069019e-06	
22.683723	-4.355383e-06	6.702782e-06	-3.005545e-06	-1.677921e-06	
22.684723	6.370844e-07	1.585904e-05	-3.776756e-06	2.583529e-07	
22.685724	6.909347e-06	2.103276e-05	8.468379e-07	-4.942600e-07	
22.686725	4.908544e-06	1.589502e-05	1.003449e-06	-1.750213e-06	
22.687726	6.215324e-07	-6.656783e-06	-1.072246e-06	-1.866249e-06	
22.688727	-1.392587e-06	-1.509266e-05	-5.574876e-07	-9.546927e-07	
22.689728	-1.082536e-06	-1.889507e-05	-1.169393e-06	-3.029241e-06	
22.690729	6.890696e-07	-2.010316e-05	-2.552145e-06	-3.318721e-06	
22.691730	3.137145e-06	-2.765835e-06	-2.776150e-06	1.675691e-06	
22.692730	5.132607e-06	1.567901e-05	-3.065674e-06	5.358234e-06	
22.693731	1.035477e-06	7.909814e-06	-1.840028e-06	5.369730e-06	
22.694732	-4.199613e-06	-2.407315e-05	-1.331019e-06	4.211503e-06	
22.695733	-2.602935e-06	-1.949394e-05	-3.372613e-06	2.448479e-06	
22.696734	-1.173985e-06	9.803162e-06	-1.178990e-06	4.426464e-07	
22.697735	-2.984841e-06	6.335936e-06	2.907142e-06	2.274682e-06	
22.698736	-2.400802e-06	-1.239761e-05	1.543329e-06	1.676269e-06	
22.699737	-6.237971e-07	-4.076758e-05	-5.088023e-07	-1.774109e-06	
22.700737	4.841067e-08	-4.042420e-05	-8.016201e-07	1.343672e-06	
22.701738	-2.066785e-07	4.423856e-06	-1.646466e-06	2.718425e-06	
22.702739	5.928867e-07	1.766171e-05	-8.808664e-07	2.525844e-07	
22.703740	4.243185e-06	2.156276e-05	-7.649881e-08	4.177982e-07	
22.704741	3.377813e-06	4.858322e-05	2.514582e-06	1.086471e-06	
22.705742	-1.538174e-06	4.349168e-05	7.065371e-06	1.976399e-06	
22.706743	-3.483667e-07	2.142931e-05	5.048303e-06	3.638494e-06	
22.707744	2.897962e-06	5.733291e-06	1.667406e-06	3.133236e-06	
22.708745	3.159950e-06	-1.050379e-05	9.134878e-07	3.270599e-07	
22.709745	2.300205e-06	-2.148360e-06	-1.918961e-06	9.666104e-07	
22.710746	-1.445244e-07	8.173776e-06	-3.032942e-06	7.131271e-07	
22.711747	-2.193578e-06	-3.446634e-07	-4.105813e-06	-3.292718e-06	
22.712748	-3.229968e-06	-5.080078e-06	-6.156592e-06	-2.932220e-06	
22.713749	-9.236621e-07	-8.167392e-06	-3.644245e-06	-2.707142e-07	
22.714750	2.225147e-06	-4.885893e-06	-1.174022e-07	1.385348e-06	
22.715751	1.091639e-06	-2.338728e-06	7.757010e-07	-1.644356e-07	
22.716752	-1.292196e-07	-9.129992e-06	9.904805e-07	-2.114441e-06	
22.717752	-3.555443e-06	-4.004467e-06	-1.167193e-06	1.528799e-07	
22.718753	-4.570024e-06	-3.682812e-06	-8.600846e-07	-3.179739e-06	
22.719754	-1.529322e-06	-4.987430e-06	4.193651e-06	-5.611358e-06	
22.720755	-2.858332e-06	4.415702e-06	2.586741e-06	-3.382100e-06	
22.721756	2.984270e-07	-7.249177e-06	2.063313e-06	-6.458794e-06	
22.722757	4.667780e-06	-2.095986e-05	5.109080e-06	-4.999261e-06	
22.723758	2.096679e-06	-2.072091e-05	-1.228345e-06	-3.365286e-06	
22.724759	-5.025416e-07	-6.006806e-06	-8.815598e-07	-3.302358e-06	
22.725759	-1.324765e-06	2.094615e-05	4.240228e-06	-1.643488e-06	
22.726760	5.894775e-06	1.381903e-05	-3.652616e-06	-1.612565e-05	
22.727761	1.563652e-05	2.481852e-06	-7.567029e-06	-2.399129e-05	
22.728762	1.071515e-05	1.866732e-05	-1.917350e-06	-6.810739e-06	
22.729763	-2.494003e-06	2.124016e-05	8.355802e-07	1.456317e-06	
22.730764	-1.050672e-05	1.380707e-05	6.095233e-07	-3.238926e-06	
22.731765	-1.109681e-05	8.712878e-08	-6.674075e-07	-5.401789e-06	
22.732766	-7.346412e-06	-1.639599e-05	-1.435665e-06	-1.090059e-05	
22.733766	-3.663684e-06	-8.846974e-06	1.078789e-06	-1.157490e-05	
22.734767	9.205057e-08	-1.430862e-07	3.610590e-06	5.741838e-07	
22.735768	-1.027269e-06	-5.051448e-06	3.273241e-06	1.379612e-05	
22.736769	-5.000874e-06	-7.538187e-06	5.017107e-06	2.023167e-05	
22.737770	-2.032329e-06	-5.676308e-06	6.333837e-06	2.191097e-05	
22.738771	-3.181956e-06	2.982348e-06	2.083894e-06	2.247074e-05	
22.739772	-1.198438e-07	-3.417653e-06	-8.186715e-07	1.508961e-05	
22.740773	1.389297e-05	-1.525394e-05	4.350428e-07	9.201705e-06	
22.741773	8.683578e-06	5.173233e-06	8.744125e-07	1.873425e-05	
22.742774	-1.055714e-06	2.283946e-05	-6.557940e-07	2.187989e-05	
22.743775	4.171544e-06	1.764607e-05	-1.256078e-06	1.375004e-05	
22.744776	1.402478e-06	3.850461e-06	6.239904e-07	9.936733e-06	
22.745777	-4.222152e-06	-1.452397e-05	1.607037e-06	8.054394e-06	
22.746778	-2.708023e-06	-1.337513e-05	9.488930e-07	4.589341e-06	
22.747779	-3.575402e-06	-3.452923e-06	-2.014774e-07	-1.261242e-06	
22.748780	-4.480062e-06	-4.061106e-06	-3.665256e-06	-4.691017e-06	
22.749781	-8.002557e-07	-4.852701e-06	-4.829685e-06	-3.605577e-06	
22.750781	1.739038e-06	-3.052135e-06	-3.993952e-06	-6.555002e-06	
22.751782	1.200435e-06	1.188814e-06	-5.211112e-06	-9.959142e-06	
22.752783	2.634270e-06	-2.912123e-06	-3.633706e-07	-9.696827e-06	
22.753784	2.267421e-06	-1.368186e-06	3.593121e-06	-1.075830e-05	
22.754785	-5.628803e-07	1.416695e-05	-1.911964e-06	-9.161584e-06	
22.755786	-1.615571e-06	4.585005e-06	-2.565416e-06	-7.241379e-06	
22.756787	-2.665639e-06	-1.659852e-05	-4.477171e-07	-9.021323e-06	
22.757788	-1.609256e-06	-1.452137e-05	-2.188773e-06	-8.696109e-06	
22.758788	-1.749758e-06	-4.511338e-06	-8.610633e-07	-6.685798e-06	
22.759789	-2.801027e-06	-7.582739e-07	-9.936099e-07	-4.395807e-06	
22.760790	3.309220e-06	2.751723e-06	-2.619270e-06	-4.089027e-06	
22.761791	7.249825e-06	1.940487e-05	-1.179777e-06	-3.702861e-06	
22.762792	2.674114e-06	2.862721e-05	-1.125023e-06	-2.049572e-06	
22.763793	-2.705692e-06	8.644457e-06	-7.374840e-07	-3.785507e-06	
22.764794	-3.425846e-06	-7.029153e-06	9.447161e-07	-2.758310e-06	
22.765795	3.037590e-07	-4.008221e-06	1.609076e-06	7.396274e-07	
22.766795	-1.029808e-06	1.842159e-06	4.150702e-06	2.610000e-06	
22.767796	-1.172256e-06	-7.286702e-07	3.307758e-06	-1.066810e-06	
22.768797	6.944918e-06	-1.140135e-05	-9.557648e-07	-9.127355e-06	
22.769798	7.040862e-06	-4.639075e-06	1.366480e-06	-5.089935e-06	
22.770799	1.130130e-06	6.588733e-06	2.741628e-06	3.196336e-06	
22.771800	-2.562431e-06	-2.553615e-06	6.364870e-08	1.587359e-06	
22.772801	-4.839374e-06	-4.237245e-06	1.042797e-06	-2.671906e-06	
22.773802	-1.990164e-06	2.707055e-06	1.944910e-06	-2.241713e-06	
22.774802	-1.267922e-06	-3.188605e-06	9.808476e-07	2.058559e-06	
22.775803	-2.470890e-06	-7.089641e-06	-1.591031e-06	5.559688e-07	
22.776804	5.561813e-07	-3.296692e-06	-2.994240e-06	-1.321248e-06	
22.777805	6.703083e-07	4.239452e-06	-1.186023e-06	2.374505e-06	
22.778806	-1.550484e-06	1.274929e-05	-9.926039e-07	3.382319e-06	
22.779807	-2.077312e-08	4.429084e-06	-6.495241e-07	3.646674e-06	
22.780808	2.606546e-06	3.805376e-06	-6.614839e-07	4.319214e-06	
22.781809	2.229270e-06	1.523541e-05	-6.887443e-07	6.018577e-06	
22.782809	9.055467e-07	-8.912532e-06	1.703439e-06	6.684287e-06	
22.783810	1.459268e-06	-2.396627e-05	8.565081e-07	4.063918e-06	
22.784811	4.501074e-07	-1.660290e-06	-2.566945e-06	3.901446e-06	
22.785812	-3.527891e-06	1.770678e-06	-4.422114e-06	3.510432e-06	
22.786813	-5.391707e-06	-6.445772e-07	-2.346662e-06	5.002841e-06	
22.787814	-2.029952e-06	4.764011e-06	1.884136e-06	4.841633e-06	
22.788815	5.849122e-07	3.227154e-06	4.725749e-06	-1.134689e-07	
22.789816	-2.292211e-07	1.508820e-06	5.870596e-06	-2.196611e-06	
22.790817	-5.672722e-07	-9.915289e-07	5.645606e-06	-4.119270e-06	
22.791817	-2.459185e-06	-5.042608e-07	6.324000e-06	-3.102124e-06	
22.792818	8.948282e-07	-1.200621e-05	1.355338e-06	-8.709267e-06	
22.793819	8.561673e-06	-9.470423e-06	-8.978422e-07	-9.583918e-06	
22.794820	-4.188130e-07	1.816319e-05	5.246500e-06	8.244898e-06	
22.795821	-8.205654e-06	6.402812e-06	7.776761e-07	6.017554e-06	
22.796822	2.536403e-06	-9.553524e-06	-3.433847e-06	-3.201523e-06	
22.797823	-4.969461e-08	1.806064e-06	-3.656500e-08	2.938815e-06	
22.798824	-1.211798e-06	-1.389697e-06	-2.870323e-07	8.779035e-07	
22.799824	1.266977e-05	-4.718770e-06	-1.019070e-06	-1.371095e-06	
22.800825	3.582453e-06	-3.754898e-06	-2.130864e-06	1.262873e-06	
22.801826	-3.002765e-06	-2.187667e-06	1.239902e-07	4.438246e-06	
22.802827	5.588891e-06	3.529345e-06	5.429591e-07	5.544309e-06	
22.803828	1.614241e-06	-5.296343e-06	-4.955413e-06	-3.639478e-06	
22.804829	6.153125e-06	-1.288598e-05	-6.505321e-06	-7.255753e-06	
22.805830	5.544786e-06	5.054967e-06	-1.896049e-06	7.596821e-06	
22.806831	-1.432221e-05	2.126092e-05	3.048296e-06	1.676444e-05	
22.807831	-1.484771e-05	1.557530e-05	-3.065502e-07	2.693636e-06	
22.808832	-2.416209e-06	3.701664e-06	-3.489149e-06	-8.978853e-06	
22.809833	-1.424589e-06	-1.036243e-05	-3.942330e-06	-6.478947e-06	
22.810834	1.345634e-06	-1.151679e-05	-5.477566e-06	-4.724265e-06	
22.811835	5.989950e-06	1.320937e-06	-4.750744e-07	-5.274042e-06	
22.812836	-2.717465e-07	3.162253e-06	2.286116e-06	-4.890050e-06	
22.813837	-2.953644e-06	-1.421651e-06	7.156541e-07	-1.004859e-06	
22.814838	8.134966e-07	3.596054e-06	1.163909e-06	2.759209e-06	
22.815838	-6.257818e-07	1.271143e-05	3.457513e-07	1.894358e-06	
22.816839	9.682066e-07	3.829892e-06	-2.544631e-06	-6.412828e-07	
22.817840	2.860571e-06	-3.774404e-06	-4.582661e-06	-3.536081e-06	
22.818841	-1.071305e-08	5.707087e-06	-1.920927e-07	-3.139425e-06	
22.819842	-2.740491e-06	3.197003e-06	3.180370e-06	1.157178e-07	
22.820843	-8.911036e-06	-1.965738e-06	4.352821e-07	1.488946e-06	
22.821844	-1.085532e-05	3.927045e-07	2.696932e-06	2.564641e-06	
22.822845	-5.725381e-06	1.476347e-07	6.251737e-06	1.683755e-06	
22.823845	-4.268148e-06	1.317922e-06	2.891015e-06	-5.183435e-07	
22.824846	4.296469e-06	-3.471940e-06	1.024746e-06	1.982586e-06	
22.825847	1.727046e-05	-1.366848e-05	3.090770e-06	2.877319e-06	
22.826848	1.085878e-05	-1.885638e-05	1.375643e-06	5.551462e-07	
22.827849	4.031081e-07	-1.933085e-05	-1.190355e-06	1.944701e-06	
22.828850	1.473000e-06	-1.725627e-05	9.762129e-07	2.416985e-06	
22.829851	1.965803e-06	-5.426969e-06	2.387622e-06	3.631184e-07	
22.830852	3.452841e-06	1.840805e-05	1.500349e-06	6.236363e-07	
22.831853	2.679866e-06	3.262931e-05	-4.212220e-07	1.311654e-06	
22.832853	-5.551664e-07	2.872873e-05	-4.127452e-06	-1.391905e-06	
22.833854	3.126132e-06	6.551117e-06	-2.668278e-06	-4.141088e-06	
22.834855	5.323087e-06	-1.941301e-05	-6.251996e-07	-6.088252e-06	
22.835856	3.328846e-06	-1.341916e-05	-3.628684e-06	-1.069355e-05	
22.836857	-1.672852e-06	-1.300207e-06	-4.977784e-07	-1.174521e-05	
22.837858	-8.252482e-06	-1.238015e-05	2.186709e-06	-8.989842e-06	
22.838859	-6.091424e-06	-1.895590e-05	-2.622565e-06	-8.314427e-06	
22.839860	5.849191e-07	-6.212766e-06	-9.597790e-07	-4.070486e-06	
22.840860	-6.565247e-07	8.074026e-06	3.527810e-06	4.140413e-06	
22.841861	-7.251993e-06	7.413917e-06	3.271912e-07	7.656306e-06	
22.842862	-6.189291e-06	7.715652e-06	-2.437180e-06	6.426384e-06	
22.843863	-2.408303e-06	2.113802e-06	-1.480380e-06	5.723745e-06	
22.844864	-8.277264e-06	-6.794239e-06	-2.884676e-06	4.846824e-06	
22.845865	-1.129323e-05	1.254944e-05	-3.998425e-06	3.266685e-06	
22.846866	9.345596e-07	1.739223e-05	-1.178745e-06	3.340764e-06	
22.847867	1.533430e-05	-4.376147e-06	1.145190e-06	2.917089e-06	
22.848867	1.454200e-05	-3.980182e-06	1.705896e-07	3.273329e-06	
22.849868	6.996137e-06	1.047932e-05	-9.241852e-07	6.440537e-06	
22.850869	3.039343e-06	1.810474e-05	1.278715e-06	7.145870e-06	
22.851870	-4.925060e-07	1.475029e-05	3.578518e-06	5.371979e-06	
22.852871	-3.652052e-07	1.464554e-06	4.139612e-06	1.643344e-06	
22.853872	-3.164849e-06	-9.437440e-06	4.506310e-06	-3.110023e-06	
22.854873	-4.417512e-06	-4.842357e-06	2.866357e-06	-1.244204e-06	
22.855874	6.305006e-07	6.177134e-06	1.820491e-06	1.632143e-06	
22.856874	-2.169273e-06	-3.738052e-06	1.210222e-06	9.679052e-08	
22.857875	-3.292314e-06	-1.758391e-05	-7.391160e-07	1.030503e-06	
22.858876	-3.665648e-08	-1.057119e-05	2.951758e-07	1.766003e-06	
22.859877	6.581822e-07	-4.569558e-06	9.212433e-07	-1.564895e-07	
22.860878	1.023111e-06	-3.331773e-06	-6.442959e-07	-2.055122e-06	
22.861879	-1.698717e-06	1.342183e-06	-7.249880e-07	-4.440028e-06	
22.862880	-4.008997e-07	3.040135e-06	-1.797985e-07	-4.554070e-06	
22.863881	2.307212e-06	3.511056e-06	1.847880e-06	-2.750369e-06	
22.864881	6.354324e-07	-2.277835e-06	3.403792e-06	-3.515143e-06	
22.865882	2.459333e-06	-3.499055e-06	2.602008e-06	-1.466958e-06	
22.866883	4.090886e-06	6.929807e-07	8.575118e-07	3.165498e-06	
22.867884	2.886197e-08	-6.033267e-06	-1.662163e-06	-1.231178e-06	
22.868885	-2.993597e-06	-5.146281e-06	-3.369431e-06	-5.925032e-06	
22.869886	-8.660304e-07	-3.515523e-06	-4.158040e-06	-3.534358e-06	
22.870887	2.145412e-07	-1.108262e-05	-3.142036e-06	-2.531289e-06	
22.871888	-4.071848e-06	-1.157561e-05	-2.620700e-06	-1.902990e-07	
22.872888	-5.724379e-06	-9.312490e-06	-3.270723e-06	6.243283e-08	
22.873889	-1.387226e-06	-7.232024e-06	-2.413592e-06	-1.988052e-06	
22.874890	-2.311254e-07	-1.788963e-05	-4.112066e-06	6.496721e-07	
22.875891	-1.870140e-06	-7.270291e-06	-4.746135e-06	1.542638e-06	
22.876892	-3.138756e-06	4.476801e-05	-2.697437e-06	-2.915766e-07	
22.877893	-4.672872e-06	3.719252e-05	-2.468661e-07	-3.356004e-06	
22.878894	-6.995446e-07	-7.798906e-07	5.857307e-06	-1.774848e-06	
22.879895	2.986115e-06	4.193549e-05	4.312438e-06	2.383942e-06	
22.880896	3.003545e-06	6.352837e-05	-4.017601e-06	-4.125760e-07	
22.881896	6.338020e-06	-4.036725e-06	-2.465265e-06	4.055498e-06	
22.882897	6.343207e-06	-4.805723e-05	-1.158603e-07	1.186781e-05	
22.883898	3.200601e-06	-3.225787e-05	-3.525336e-06	1.000225e-05	
22.884899	3.603338e-06	-1.258310e-05	1.163347e-06	7.114769e-06	
22.885900	2.767452e-06	-5.285283e-06	8.022626e-06	2.560411e-06	
22.886901	-1.371125e-06	-8.711470e-06	6.352709e-06	-9.498318e-07	
22.887902	-2.894192e-06	-2.559793e-05	5.337215e-06	2.227268e-07	
22.888903	-3.043871e-07	-3.054527e-05	3.192002e-06	-4.139821e-07	
22.889903	4.990425e-07	-1.627981e-05	-1.789299e-06	6.090850e-07	
22.890904	1.493899e-06	-2.943651e-06	-2.513959e-06	5.550929e-06	
22.891905	3.710923e-07	1.420474e-05	-1.133124e-06	5.205775e-06	
22.892906	-5.464046e-06	1.797134e-05	1.778029e-06	-9.504772e-07	
22.893907	-3.202180e-06	1.440942e-05	1.030917e-06	-4.311524e-06	
22.894908	3.225931e-06	3.444978e-05	-1.190448e-06	-6.522457e-06	
22.895909	2.092628e-06	3.420240e-05	-4.995746e-07	-9.429655e-06	
22.896910	-2.079854e-06	1.499122e-05	-3.240643e-06	-6.672445e-06	
22.897910	-3.117239e-06	5.011531e-06	-3.292617e-06	-4.898699e-06	
22.898911	-1.484107e-06	-5.890860e-06	-2.397515e-06	-9.152218e-06	
22.899912	-5.498397e-06	6.091648e-06	-3.778370e-06	-6.874380e-06	
22.900913	-7.622781e-06	6.975603e-06	-1.198478e-06	-8.429511e-06	
22.901914	1.215679e-06	-1.794625e-05	-1.019500e-06	-1.783616e-05	
22.902915	4.244050e-06	-2.203420e-05	-3.007071e-06	-1.162039e-05	
22.903916	4.607293e-06	-2.091614e-05	-8.920288e-07	1.660956e-06	
22.904917	6.443811e-06	-7.728154e-06	4.096393e-06	1.232552e-05	
22.905917	-2.557082e-06	1.518218e-05	9.337195e-06	1.904032e-05	
22.906918	-5.376036e-06	8.729348e-06	1.314138e-05	1.282981e-05	
22.907919	4.579908e-06	-4.750311e-06	1.455617e-05	4.858555e-06	
22.908920	5.876617e-06	-6.622719e-06	1.154388e-05	-2.182918e-06	
22.909921	-1.712856e-06	-6.640462e-06	7.653753e-06	-9.665404e-06	
22.910922	-2.036831e-06	-6.614074e-06	2.905009e-06	-1.220158e-05	
22.911923	1.033877e-06	-4.975473e-06	-5.579533e-06	-1.018844e-05	
22.912924	1.880470e-06	1.166268e-06	-8.376473e-06	4.518004e-07	
22.913924	4.614950e-06	5.297873e-06	-5.221815e-06	1.239185e-05	
22.914925	4.639186e-06	5.907540e-06	-6.388253e-06	1.147898e-05	
22.915926	5.232975e-06	2.098144e-06	-1.001466e-05	5.724221e-06	
22.916927	4.669014e-06	-2.833054e-06	-1.311998e-05	4.207962e-06	
22.917928	1.981916e-06	-3.966442e-06	-1.766802e-05	3.524325e-07	
22.918929	7.138176e-06	-1.878953e-05	-1.763302e-05	-3.559058e-06	
22.919930	1.008889e-05	-2.036385e-05	-8.943592e-06	-3.035036e-06	
22.920931	2.716332e-06	1.665210e-05	1.633810e-06	7.153287e-06	
22.921932	-9.197492e-06	3.114732e-05	9.567761e-06	2.010645e-05	
22.922932	-2.043489e-05	1.121948e-05	9.671470e-06	1.504009e-05	
22.923933	-2.206406e-05	1.546075e-06	5.968390e-06	7.033760e-06	
22.924934	-1.362169e-05	1.317361e-06	7.858921e-06	5.958735e-06	
22.925935	-8.682541e-06	-5.001266e-06	5.205638e-06	8.283169e-07	
22.926936	-8.540173e-06	-2.135604e-05	2.467044e-06	-3.738541e-07	
22.927937	-6.959035e-06	-3.681460e-05	6.591277e-06	-1.965354e-06	
22.928938	-6.280836e-06	-4.411403e-05	3.578076e-06	-3.630926e-06	
22.929939	5.860713e-07	-3.451963e-05	-1.675273e-06	-8.472042e-07	
22.930939	1.148763e-05	-2.284549e-05	-7.393844e-06	-9.227148e-06	
22.931940	1.263898e-05	-1.110295e-05	-1.092995e-05	-1.222869e-05	
22.932941	6.346848e-06	4.351811e-05	-2.212585e-06	1.649657e-06	
22.933942	2.121945e-06	7.188388e-05	2.240645e-06	3.354874e-06	
22.934943	4.000039e-06	4.544747e-05	1.454836e-06	-3.050488e-06	
22.935944	5.538717e-06	4.940849e-05	3.156915e-06	-6.200550e-06	
22.936945	7.612543e-06	4.392216e-05	5.737117e-07	-1.268595e-05	
22.937946	1.161972e-05	4.828585e-06	7.367245e-07	-1.189302e-05	
22.938946	8.074821e-06	-9.144747e-06	5.769726e-06	-6.200743e-06	
22.939947	2.423582e-06	-7.948550e-06	8.205142e-06	-2.105449e-06	
22.940948	5.760936e-07	-2.304195e-05	4.068144e-06	-3.546523e-07	
22.941949	3.546098e-07	-2.602219e-05	-7.336790e-07	-6.103908e-06	
22.942950	3.259793e-06	3.836537e-06	1.851343e-06	-1.108364e-05	
22.943951	3.971322e-06	1.604165e-05	3.631478e-06	-6.347615e-06	
22.944952	-4.134715e-06	1.139777e-05	3.014381e-06	9.643605e-06	
22.945953	-1.176679e-05	1.249091e-05	1.311062e-06	1.745188e-05	
22.946953	-1.049980e-05	-4.916089e-06	-4.415915e-06	3.691758e-06	
22.947954	-8.628279e-06	-1.482843e-05	-4.834593e-06	-7.233073e-06	
22.948955	-5.340188e-06	-8.854108e-06	-2.149427e-06	-5.248637e-06	
22.949956	-5.102760e-07	-1.469765e-05	-1.788197e-06	-1.786012e-06	
22.950957	-3.956528e-08	-2.257288e-05	-1.305570e-07	-1.932587e-06	
22.951958	2.044786e-06	-2.716404e-05	-1.391492e-06	-3.523065e-06	
22.952959	8.115357e-07	-2.594889e-05	-4.526343e-06	-4.977224e-07	
22.953960	-1.181022e-06	-2.651487e-05	-6.915109e-06	2.165894e-06	
22.954960	7.705058e-06	-3.180894e-05	-8.398642e-06	-4.856358e-07	
22.955961	9.647882e-06	-1.349457e-05	-3.422982e-06	5.457348e-06	
22.956962	-3.507047e-06	-2.712973e-06	4.795176e-06	1.842772e-05	
22.957963	-7.820815e-06	-1.367889e-05	4.572208e-06	1.564599e-05	
22.958964	3.038136e-06	2.643587e-05	6.477656e-07	7.705804e-06	
22.959965	9.857337e-06	7.687034e-05	4.921311e-06	9.169879e-06	
22.960966	6.985510e-06	5.675375e-05	9.191034e-06	8.607563e-06	
22.961967	1.820385e-06	1.515280e-05	6.145707e-06	7.073771e-06	
22.962968	-8.931054e-07	-4.235966e-06	9.816007e-07	1.781777e-06	
22.963968	-1.015139e-06	1.543972e-05	-1.420485e-06	-2.267077e-06	
22.964969	-4.719006e-06	3.004646e-05	-3.497438e-06	2.724653e-06	
22.965970	-5.765704e-06	-1.560630e-05	-7.092514e-06	-1.167127e-06	
22.966971	-8.911151e-07	-4.345568e-05	-6.314622e-06	-8.860725e-06	
22.967972	-1.532784e-06	-4.274339e-05	-3.420535e-06	-9.169327e-06	
22.968973	-8.147626e-06	-4.085912e-05	8.289161e-07	-2.923006e-06	
22.969974	-1.204985e-05	-1.457114e-05	1.802639e-06	4.017235e-06	
22.970975	-3.148155e-06	1.823223e-05	-3.136545e-06	-2.411608e-06	
22.971975	8.988020e-06	7.274751e-05	-3.204741e-06	-9.014573e-06	
22.972976	6.193116e-06	7.327487e-05	-4.219839e-06	-1.067401e-05	
22.973977	-3.543899e-06	-2.162153e-05	-5.581459e-06	-1.422802e-05	
22.974978	-5.275606e-06	-4.690745e-05	-1.461296e-07	-1.303605e-05	
22.975979	8.047901e-07	-6.192250e-06	6.681200e-06	-9.810711e-06	
22.976980	1.997325e-06	-1.370315e-05	1.128985e-05	-1.103893e-06	
22.977981	-3.193646e-06	-2.813752e-05	6.888225e-06	7.590188e-06	
22.978982	-3.475749e-06	-3.857694e-05	-9.112933e-07	4.694192e-06	
22.979982	3.052718e-07	-2.172505e-05	-2.994500e-06	1.270115e-06	
22.980983	1.603129e-06	2.624504e-05	-1.454128e-07	2.167538e-06	
22.981984	5.070762e-06	1.030394e-06	5.965980e-06	3.617296e-06	
22.982985	1.263887e-05	1.008085e-07	7.808537e-06	4.485568e-06	
22.983986	1.113066e-05	5.352371e-05	7.328860e-06	4.748301e-06	
22.984987	3.214837e-06	1.650061e-05	7.803672e-06	8.655802e-06	
22.985988	5.178454e-07	-3.310728e-06	4.809305e-06	1.048858e-05	
22.986989	2.379424e-07	3.219293e-05	2.627100e-07	6.304380e-06	
22.987989	2.597645e-06	2.943736e-05	-6.204453e-06	3.677384e-06	
22.988990	2.470592e-06	1.170791e-05	-1.149373e-05	-1.119723e-06	
22.989991	-1.337683e-06	-3.094899e-05	-1.164543e-05	-8.283726e-06	
22.990992	-4.130976e-06	-6.845150e-05	-9.814292e-06	-8.441207e-06	
22.991993	-9.439429e-06	-6.330005e-05	-5.541613e-06	-6.410824e-06	
22.992994	-9.322727e-06	-4.480786e-05	-3.112116e-06	-6.248996e-06	
22.993995	-4.327397e-06	-3.790305e-05	1.773412e-07	-6.015860e-06	
22.994996	-1.273859e-06	-1.822475e-05	7.577032e-06	-4.654079e-06	
22.995996	3.234970e-06	6.783136e-05	5.473275e-06	-5.118073e-08	
22.996997	4.008232e-06	1.123136e-04	1.269891e-06	1.557269e-06	
22.997998	2.123114e-06	4.204584e-05	4.046752e-06	4.035353e-07	
22.998999	7.432834e-07	-1.097639e-05	6.520926e-07	1.964029e-06	
23.000000	-2.297925e-06	-1.861746e-05	-4.873459e-06	2.484963e-06	
