NO_OF_SAMPLES	689
FREQUENCY	100
TIME_STAMP	2020-11-06, 17:38:20	197478.89455217
FIRST_SAMPLE	1133
DESCRIPTION	Force data in local (force plate) coordinates
DATA_INCLUDED	Force
FORCE_PLATE_TYPE	Amti
FORCE_PLATE_MODEL	Unknown
FORCE_PLATE_NAME	Force-plate 1
FORCE_PLATE_CORNER_POSX_POSY_X	-88.329201
FORCE_PLATE_CORNER_POSX_POSY_Y	573.721008
FORCE_PLATE_CORNER_POSX_POSY_Z	0.000000
FORCE_PLATE_CORNER_NEGX_POSY_X	-89.185501
FORCE_PLATE_CORNER_NEGX_POSY_Y	115.864998
FORCE_PLATE_CORNER_NEGX_POSY_Z	0.000000
FORCE_PLATE_CORNER_NEGX_NEGY_X	-592.245972
FORCE_PLATE_CORNER_NEGX_NEGY_Y	113.574997
FORCE_PLATE_CORNER_NEGX_NEGY_Z	0.000000
FORCE_PLATE_CORNER_POSX_NEGY_X	-594.474976
FORCE_PLATE_CORNER_POSX_NEGY_Y	572.864990
FORCE_PLATE_CORNER_POSX_NEGY_Z	0.000000
FORCE_PLATE_LENGTH	508.000000
FORCE_PLATE_WIDTH	463.550000
Sample	Time	Force_X	Force_Y	Force_Z	Moment_X	Moment_Y	Moment_Z	COP_X	COP_Y	COP_Z
1133	11.32000	-7.665658	-75.005938	241.192657	-2.231666	14.106354	6.518337	-57.347409	2.818874	0.000000	
1134	11.33000	-11.681923	-71.816142	250.522232	-1.878491	12.679463	6.797151	-48.870655	3.585714	0.000000	
1135	11.34000	-12.034097	-77.818196	255.238562	-2.281601	11.574718	6.001346	-43.586113	2.884857	0.000000	
1136	11.35000	-9.407129	-90.227873	255.169010	-3.151478	10.782770	4.454507	-40.912457	1.451989	0.000000	
1137	11.36000	-8.295982	-99.854738	247.959583	-3.766270	10.895858	3.002315	-42.735632	0.607885	0.000000	
1138	11.37000	-6.161104	-104.548778	245.097935	-4.102660	10.538686	1.964991	-42.129314	0.026873	0.000000	
1139	11.38000	-6.427483	-108.540803	249.640447	-4.472519	9.271254	1.005450	-36.245128	-0.815879	0.000000	
1140	11.39000	-8.495924	-111.488821	264.760279	-4.900590	6.531742	0.403620	-23.519513	-1.965793	0.000000	
1141	11.40000	-7.405023	-117.900652	273.441117	-5.417517	4.675872	-0.186975	-16.152628	-2.859220	0.000000	
1142	11.41000	-4.581730	-127.322428	278.844898	-5.910093	3.140287	-0.571089	-10.746828	-3.208816	0.000000	
1143	11.42000	-2.027092	-135.582289	288.061069	-6.410048	1.475998	-0.724710	-4.990502	-3.695037	0.000000	
1144	11.43000	2.297515	-144.225839	296.958505	-6.862132	0.602264	-0.946352	-2.494735	-3.941283	0.000000	
1145	11.44000	5.275952	-150.064282	306.841989	-7.184415	-0.174003	-1.077505	-0.283666	-4.109859	0.000000	
1146	11.45000	6.657581	-154.192032	319.571994	-7.365998	-0.689474	-1.376006	1.158976	-4.012012	0.000000	
1147	11.46000	5.873824	-156.543251	333.547153	-7.541709	-1.135799	-1.849569	2.537582	-4.107827	0.000000	
1148	11.47000	4.151334	-157.707674	341.926886	-7.545005	-1.798749	-2.306830	4.615124	-3.892177	0.000000	
1149	11.48000	1.808351	-158.756919	344.440960	-7.456146	-2.713833	-2.950662	7.513319	-3.486144	0.000000	
1150	11.49000	-0.356594	-159.691782	341.012750	-7.361155	-3.736387	-3.552696	10.846808	-3.125676	0.000000	
1151	11.50000	-1.705964	-159.483330	333.324798	-7.193938	-5.055801	-4.053409	15.223259	-2.708614	0.000000	
1152	11.51000	-1.195540	-158.014492	321.659179	-6.884358	-6.344291	-4.473073	19.722198	-2.009597	0.000000	
1153	11.52000	-0.552441	-154.925157	307.611198	-6.512854	-7.560143	-4.758698	24.497485	-1.276038	0.000000	
1154	11.53000	2.537178	-147.081447	295.285329	-6.016655	-8.628241	-5.159552	28.718640	-0.704425	0.000000	
1155	11.54000	2.605873	-139.908239	278.057231	-5.463932	-9.962760	-5.078903	35.296860	0.226598	0.000000	
1156	11.55000	4.142809	-128.029061	260.694887	-4.710586	-10.888052	-4.896868	40.967676	1.317967	0.000000	
1157	11.56000	5.325812	-110.442749	243.548382	-3.734374	-11.460874	-4.715865	46.017352	2.525653	0.000000	
1158	11.57000	6.096203	-91.306791	224.820325	-2.822101	-11.917545	-4.450517	51.755498	3.383403	0.000000	
1159	11.58000	5.617033	-72.745028	205.370740	-2.017319	-12.557425	-4.220104	59.881915	4.004610	0.000000	
1160	11.59000	5.690168	-56.945884	186.975760	-1.450071	-13.260937	-4.056167	69.534886	4.055508	0.000000	
1161	11.60000	5.387844	-45.417742	172.198364	-1.095115	-13.911619	-3.903892	79.365162	3.793784	0.000000	
1162	11.61000	5.210666	-37.588672	162.286950	-0.871798	-14.400159	-3.667585	87.276254	3.476342	0.000000	
1163	11.62000	6.134093	-32.042639	154.056761	-0.799303	-14.870436	-3.200181	94.756138	2.700363	0.000000	
1164	11.63000	7.334235	-27.019810	151.857092	-0.661240	-15.177561	-2.803225	97.832382	2.313368	0.000000	
1165	11.64000	7.630727	-24.668246	154.072523	-0.540043	-15.458392	-2.581724	98.168004	2.438801	0.000000	
1166	11.65000	7.770619	-23.847534	156.460640	-0.591473	-15.749175	-2.457134	98.489497	1.851292	0.000000	
1167	11.66000	7.747344	-21.816148	157.973350	-0.472241	-15.803912	-2.267803	97.897411	2.060711	0.000000	
1168	11.67000	7.222147	-18.851548	157.719867	-0.408630	-15.823876	-1.962205	98.316815	1.704822	0.000000	
1169	11.68000	6.149742	-15.043613	158.362454	-0.299979	-15.645657	-1.609830	97.066902	1.405122	0.000000	
1170	11.69000	5.193579	-12.102718	159.523772	-0.243918	-15.711709	-1.322077	97.016655	0.993504	0.000000	
1171	11.70000	4.173811	-10.896209	163.947307	-0.301218	-16.031590	-1.260049	96.598639	0.303230	0.000000	
1172	11.71000	3.864796	-12.245032	170.393438	-0.546885	-16.586323	-1.402179	96.267718	-0.849643	0.000000	
1173	11.72000	3.740105	-15.624389	177.534873	-0.917202	-17.294481	-1.802588	96.406534	-2.150736	0.000000	
1174	11.73000	3.800147	-20.327143	185.818845	-1.367730	-18.129202	-2.323265	96.580849	-3.476432	0.000000	
1175	11.74000	3.839221	-25.531615	195.337714	-1.799370	-19.027147	-2.867270	96.455769	-4.461855	0.000000	
1176	11.75000	3.492921	-31.900460	205.200855	-2.275086	-20.006780	-3.549090	96.654783	-5.331983	0.000000	
1177	11.76000	3.356643	-39.639258	217.798637	-2.910929	-21.249625	-4.332685	96.787123	-6.532190	0.000000	
1178	11.77000	3.793388	-50.159260	232.587769	-3.561763	-22.762064	-5.412499	97.049601	-7.113594	0.000000	
1179	11.78000	5.032299	-63.691192	248.953715	-4.455310	-24.554590	-6.738012	97.657772	-8.064282	0.000000	
1180	11.79000	6.658694	-77.997615	265.670381	-5.330849	-26.355142	-8.128888	98.032055	-8.700493	0.000000	
1181	11.80000	8.309287	-92.508879	283.619276	-6.203905	-28.336647	-9.574875	98.568565	-9.185484	0.000000	
1182	11.81000	8.823647	-106.223373	302.889999	-6.993466	-30.455533	-10.922504	99.214248	-9.404407	0.000000	
1183	11.82000	8.998638	-119.117676	324.643443	-7.807870	-32.657377	-12.200321	99.316421	-9.707154	0.000000	
1184	11.83000	9.583197	-132.261703	345.682571	-8.595137	-34.966833	-13.483290	99.874671	-9.883484	0.000000	
1185	11.84000	9.754030	-144.060236	364.611751	-9.304220	-36.950822	-14.636678	100.104012	-10.029892	0.000000	
1186	11.85000	10.762831	-155.742549	379.477140	-9.893362	-38.615692	-15.639970	100.455936	-9.961054	0.000000	
1187	11.86000	12.037370	-165.232710	390.468844	-10.279938	-39.826684	-16.413290	100.592618	-9.699292	0.000000	
1188	11.87000	12.694905	-172.122851	400.588678	-10.523563	-40.894040	-16.872290	100.645361	-9.377977	0.000000	
1189	11.88000	12.912587	-176.114654	406.567400	-10.492298	-41.526464	-16.999009	100.696867	-8.772620	0.000000	
1190	11.89000	12.849713	-177.073125	408.594411	-10.385684	-41.607668	-16.816302	100.401549	-8.375672	0.000000	
1191	11.90000	13.346939	-176.796576	405.327535	-10.086276	-41.179479	-16.546886	100.105774	-7.727703	0.000000	
1192	11.91000	14.632566	-175.126434	396.416624	-9.694655	-40.251598	-16.117287	99.887053	-7.072061	0.000000	
1193	11.92000	15.500223	-171.538384	383.093848	-9.071897	-38.897242	-15.576289	99.738806	-6.053366	0.000000	
1194	11.93000	15.771289	-165.715248	367.755473	-8.326037	-37.154487	-14.813237	99.136244	-4.897494	0.000000	
1195	11.94000	15.604833	-158.454994	349.773684	-7.501072	-35.131349	-13.975472	98.475846	-3.605014	0.000000	
1196	11.95000	15.457752	-149.551557	330.207848	-6.604815	-33.008640	-13.003626	97.909562	-2.166389	0.000000	
1197	11.96000	16.012174	-139.572683	309.232825	-5.564814	-30.775455	-11.977191	97.266516	-0.222888	0.000000	
1198	11.97000	16.451251	-128.362590	286.938698	-4.499909	-28.434253	-10.766250	96.614235	1.927747	0.000000	
1199	11.98000	16.000373	-114.735657	265.008413	-3.414227	-26.104216	-9.456108	95.898768	4.141864	0.000000	
1200	11.99000	14.842198	-99.079657	242.824735	-2.257019	-23.639960	-7.932795	94.719112	6.718306	0.000000	
1201	12.00000	11.816090	-81.693224	220.911623	-1.079258	-21.115428	-6.378390	93.258360	9.575022	0.000000	
1202	12.01000	10.065233	-66.358632	198.018264	-0.065105	-18.661520	-5.028553	92.024575	12.722923	0.000000	
1203	12.02000	9.411437	-53.922564	176.264101	0.544523	-16.506400	-4.016137	91.324869	14.955226	0.000000	
1204	12.03000	9.719390	-43.880775	157.589371	1.004431	-14.766633	-3.235554	91.045907	17.124062	0.000000	
1205	12.04000	10.483849	-35.870819	138.024403	1.201637	-13.063162	-2.685835	91.406518	18.702404	0.000000	
1206	12.05000	12.312820	-30.689444	113.066444	1.148610	-10.895928	-2.510932	91.792189	20.623876	0.000000	
1207	12.06000	14.590593	-26.580901	83.793229	0.926324	-8.058121	-2.544114	88.942272	23.379849	0.000000	
1208	12.07000	13.508318	-20.771663	57.259307	0.631946	-5.426841	-2.098760	85.042593	25.211312	0.000000	
1209	12.08000	11.000433	-14.871604	37.956878	0.510416	-3.448959	-1.674458	78.942110	28.801362	0.000000	
1210	12.09000	7.865801	-8.289087	25.100844	0.456975	-2.061792	-0.918302	69.260615	31.058974	0.000000	
1211	12.10000	5.439073	-3.710758	14.522484	0.409796	-1.097795	-0.526673	60.229070	38.037005	0.000000	
1212	12.11000	3.520969	-1.139872	8.442326	0.284393	-0.504714	-0.210292	42.692546	38.611504	0.000000	
1213	12.12000	2.496674	9.391844	25.908745	1.165413	1.052919	-0.798873	-44.705693	29.699996	0.000000	
1214	12.13000	7.149515	24.346027	61.374755	2.222685	3.920549	-2.088559	-68.762427	19.545240	0.000000	
1215	12.14000	14.424083	30.646239	98.569276	2.658769	6.181557	-2.862778	-68.808529	13.787300	0.000000	
1216	12.15000	16.077703	17.284425	97.449098	1.851325	5.853736	-2.018692	-66.922903	11.235310	0.000000	
1217	12.16000	13.550965	2.406609	97.822052	1.094168	5.800831	-0.996328	-65.078431	9.627289	0.000000	
1218	12.17000	14.754771	-0.060257	127.507801	0.837630	7.742000	-0.940167	-65.570041	6.029635	0.000000	
1219	12.18000	17.487007	-6.533926	177.922252	-0.507151	11.094377	-0.491244	-66.499383	-1.917698	0.000000	
1220	12.19000	13.655456	-30.517730	197.232944	-2.528286	12.819672	1.153510	-67.961981	-7.093308	0.000000	
1221	12.20000	9.865401	-52.445932	221.264467	-4.507377	14.852181	2.596819	-69.087376	-11.302986	0.000000	
1222	12.21000	6.088173	-70.308536	248.603284	-6.350027	17.111010	3.748404	-69.975606	-14.615226	0.000000	
1223	12.22000	3.106128	-89.717718	265.516996	-7.852152	18.443201	5.073754	-70.088996	-16.408267	0.000000	
1224	12.23000	0.731197	-106.202302	284.314925	-9.249108	19.957271	6.243708	-70.451094	-17.918930	0.000000	
1225	12.24000	-2.406452	-119.009052	302.143710	-10.382759	21.390769	7.095709	-70.625592	-18.925072	0.000000	
1226	12.25000	-6.541449	-133.233769	319.605997	-11.554979	22.786701	8.012444	-70.617356	-19.781663	0.000000	
1227	12.26000	-9.790721	-146.589636	339.391202	-12.779976	24.391145	8.854801	-70.848100	-20.672158	0.000000	
1228	12.27000	-12.669991	-161.884970	360.313743	-13.998399	25.860560	9.791746	-70.496577	-21.161695	0.000000	
1229	12.28000	-16.048285	-177.843252	381.142347	-15.200047	27.347650	10.760966	-70.194094	-21.488028	0.000000	
1230	12.29000	-18.310333	-194.323710	402.854233	-16.392332	28.736874	11.710015	-69.639587	-21.658124	0.000000	
1231	12.30000	-17.146345	-207.119002	423.698813	-17.326141	29.969117	12.620182	-69.240922	-21.597532	0.000000	
1232	12.31000	-16.742951	-218.335865	437.780108	-17.963967	30.642776	13.290029	-68.594907	-21.337139	0.000000	
1233	12.32000	-16.420852	-225.919034	445.381591	-18.268920	30.866786	13.811639	-67.959108	-20.975694	0.000000	
1234	12.33000	-15.363662	-229.477856	446.332159	-18.212699	30.687922	14.083135	-67.510157	-20.482409	0.000000	
1235	12.34000	-14.525616	-229.356836	443.207381	-17.822107	30.339791	14.045390	-67.276369	-19.752683	0.000000	
1236	12.35000	-14.311533	-227.180130	435.736138	-17.317215	29.793328	13.753358	-67.193135	-19.125964	0.000000	
1237	12.36000	-14.656876	-221.279914	424.015236	-16.533758	29.130779	13.239812	-67.450679	-18.356657	0.000000	
1238	12.37000	-15.490208	-212.637784	409.457293	-15.508286	28.315814	12.503966	-67.770404	-17.342204	0.000000	
1239	12.38000	-16.357342	-201.344269	389.216794	-14.276856	27.077765	11.545839	-68.015397	-16.229602	0.000000	
1240	12.39000	-17.641744	-187.925696	364.268268	-12.779665	25.542789	10.557943	-68.306227	-14.688874	0.000000	
1241	12.40000	-17.681856	-171.695408	337.640529	-11.185996	23.711299	9.478955	-68.251917	-13.035548	0.000000	
1242	12.41000	-17.683340	-153.862418	308.340621	-9.234961	21.611414	8.290815	-67.912567	-10.242573	0.000000	
1243	12.42000	-17.211114	-134.430508	276.916638	-7.263747	19.349303	7.103540	-67.502200	-7.073055	0.000000	
1244	12.43000	-13.285573	-112.457819	247.382194	-5.324663	17.090831	5.844515	-67.057953	-3.619789	0.000000	
1245	12.44000	-13.862358	-98.675497	217.542829	-3.938634	14.976600	5.183200	-66.408715	-0.241474	0.000000	
1246	12.45000	-12.036541	-88.500247	194.014703	-2.950613	13.260228	4.754461	-65.979211	2.759449	0.000000	
1247	12.46000	-10.474367	-80.384989	177.154671	-2.373332	12.028381	4.365470	-65.648660	4.473369	0.000000	
1248	12.47000	-9.273451	-72.957022	161.808600	-1.915907	11.003084	4.022183	-65.825339	5.913124	0.000000	
1249	12.48000	-8.482705	-64.822763	147.799273	-1.493133	10.067079	3.652232	-65.934571	7.151774	0.000000	
1250	12.49000	-7.305667	-56.711024	131.746734	-1.115899	8.959591	3.300608	-65.906396	8.453918	0.000000	
1251	12.50000	-5.405262	-47.410175	112.500672	-0.726932	7.582054	2.871468	-65.596641	10.095479	0.000000	
1252	12.51000	-4.354970	-35.689371	90.681952	-0.240501	5.987156	2.220626	-64.225573	12.773607	0.000000	
1253	12.52000	-3.509532	-23.924319	66.905280	0.147353	4.147165	1.561606	-60.007565	16.166780	0.000000	
1254	12.53000	-3.162141	-13.096857	46.332814	0.487333	2.758401	0.892603	-56.915028	21.439795	0.000000	
1255	12.54000	-2.824825	-6.199195	30.369336	0.566053	1.693351	0.399485	-52.133185	26.370705	0.000000	
1256	12.55000	-1.999818	-1.767710	19.639184	0.557607	0.926327	0.105211	-43.183981	31.489488	0.000000	
1257	12.56000	-1.233775	-0.694279	11.300370	0.378806	0.438689	-0.044758	-34.538839	35.458085	0.000000	
1258	12.57000	-6.701144	26.089535	45.592372	3.375203	-0.911955	1.722951	25.819483	50.230103	0.000000	
1259	12.58000	-18.269685	30.932584	107.121891	6.170579	-4.684812	2.663208	50.507907	45.316642	0.000000	
1260	12.59000	-19.668684	14.013616	116.862285	5.228724	-5.294620	1.709590	51.989795	39.313485	0.000000	
1261	12.60000	-3.956182	-19.228702	65.330671	2.012288	-3.029086	-0.699750	48.672518	42.196823	0.000000	
1262	12.61000	1.841763	-36.789800	83.023740	1.332565	-4.614288	-1.709139	54.524560	33.488906	0.000000	
1263	12.62000	-10.507530	-36.253083	172.861573	2.476787	-10.258237	-1.446794	61.660045	22.287177	0.000000	
1264	12.63000	-3.869068	-54.815358	190.903995	1.719240	-11.950412	-2.783573	63.269806	20.108886	0.000000	
1265	12.64000	0.627001	-64.297195	215.783681	1.382546	-14.109065	-3.574941	65.114815	17.950250	0.000000	
1266	12.65000	4.841953	-67.593700	240.157404	1.365379	-16.241283	-3.949163	66.656406	16.557765	0.000000	
1267	12.66000	11.253603	-73.581101	251.887842	1.053247	-17.627216	-4.538659	68.013477	15.486888	0.000000	
1268	12.67000	13.912577	-79.873789	263.436546	0.765921	-18.728662	-5.036607	68.796305	14.662940	0.000000	
1269	12.68000	17.231023	-87.214678	274.191299	0.475835	-19.656677	-5.586815	68.984899	14.095291	0.000000	
1270	12.69000	18.933946	-94.785854	285.918853	0.303194	-20.377859	-6.167754	68.429520	13.965894	0.000000	
1271	12.70000	18.476554	-103.640606	297.381076	0.046372	-20.776314	-6.806641	67.188457	13.751775	0.000000	
1272	12.71000	16.569757	-115.029960	312.629893	-0.110107	-21.229921	-7.533026	65.602497	14.032858	0.000000	
1273	12.72000	12.831646	-128.042696	336.881534	-0.284440	-22.238943	-8.386602	64.314745	14.033757	0.000000	
1274	12.73000	9.004210	-141.717486	361.836343	-0.485398	-23.311462	-9.281750	63.262346	14.006905	0.000000	
1275	12.74000	5.766739	-156.076806	382.895589	-0.754424	-24.283415	-10.131941	62.656370	14.026307	0.000000	
1276	12.75000	3.612431	-168.812766	397.682139	-0.910463	-24.990179	-10.899861	62.318249	14.392336	0.000000	
1277	12.76000	-0.018540	-181.986480	412.553719	-1.095413	-25.617875	-11.578989	61.945278	14.701988	0.000000	
1278	12.77000	-4.699669	-192.514641	426.638012	-1.117448	-26.147429	-12.034959	61.582146	15.148795	0.000000	
1279	12.78000	-8.843950	-199.024376	437.916835	-0.968407	-26.404649	-12.287349	60.963868	15.688322	0.000000	
1280	12.79000	-12.473391	-201.768244	444.087268	-0.670880	-26.335456	-12.152571	60.290805	16.383492	0.000000	
1281	12.80000	-14.614920	-200.174584	441.886631	-0.361752	-25.785083	-11.741321	59.543143	17.020954	0.000000	
1282	12.81000	-15.973818	-193.855990	431.307014	0.059648	-24.862538	-11.011131	58.996436	17.834204	0.000000	
1283	12.82000	-16.072128	-183.746188	413.324259	0.611269	-23.448918	-10.087485	58.159398	18.975612	0.000000	
1284	12.83000	-14.408608	-170.872156	386.780699	1.130624	-21.688802	-9.095067	57.435793	20.307103	0.000000	
1285	12.84000	-11.228484	-155.758269	356.624587	1.658791	-19.836103	-8.098330	56.748174	21.831275	0.000000	
1286	12.85000	-7.460097	-139.341985	325.502594	2.223763	-17.964492	-7.078526	55.968445	23.659385	0.000000	
1287	12.86000	-3.488225	-122.218240	293.764009	2.753228	-16.138280	-6.044542	55.266074	25.710833	0.000000	
1288	12.87000	-0.424504	-105.483103	264.408563	3.357599	-14.367137	-5.078738	54.249690	28.342505	0.000000	
1289	12.88000	1.779131	-90.004350	237.960133	3.955906	-12.787133	-4.213615	53.280394	31.427216	0.000000	
1290	12.89000	3.100335	-76.559305	213.713722	4.419670	-11.281193	-3.495435	52.044878	34.671020	0.000000	
1291	12.90000	2.332318	-63.941190	191.760213	4.777072	-9.833254	-2.843813	50.632523	37.895566	0.000000	
1292	12.91000	4.345226	-55.611063	168.380392	4.679110	-8.563791	-2.482191	49.659288	40.643925	0.000000	
1293	12.92000	6.660410	-50.567274	146.838576	4.383673	-7.574711	-2.365906	49.590669	43.281472	0.000000	
1294	12.93000	8.727661	-45.935831	127.422418	3.954698	-6.641337	-2.336627	49.186380	45.118907	0.000000	
1295	12.94000	10.225483	-41.604052	106.325450	3.352913	-5.655314	-2.361467	49.130345	46.867712	0.000000	
1296	12.95000	11.263656	-34.742284	82.591867	2.668042	-4.490388	-2.200203	48.677091	48.829671	0.000000	
1297	12.96000	10.798850	-26.379218	58.248583	1.919257	-3.183950	-1.902817	46.979368	50.783881	0.000000	
1298	12.97000	9.403132	-16.238063	36.212142	1.333356	-1.879234	-1.291387	41.196440	54.474071	0.000000	
1299	12.98000	8.769196	-10.406763	20.427675	0.707418	-1.079502	-1.000432	35.257609	54.762450	0.000000	
1300	12.99000	6.662277	-4.506431	10.466181	0.447985	-0.560770	-0.584387	27.573544	59.731745	0.000000	
1301	13.00000	0.253739	15.264127	25.184204	2.215495	0.838965	-0.687869	-33.874750	62.796331	0.000000	
1302	13.01000	5.891761	24.126970	42.102270	3.248021	1.757374	-1.809018	-47.576589	53.312728	0.000000	
1303	13.02000	10.503713	19.319256	51.504603	3.193779	2.088485	-1.581064	-48.984716	46.216334	0.000000	
1304	13.03000	10.244301	4.835203	47.809943	2.330477	1.957843	-0.895784	-49.805483	44.078302	0.000000	
1305	13.04000	9.808793	-10.447569	51.120308	1.522509	2.043658	-0.198077	-47.922819	37.524557	0.000000	
1306	13.05000	14.350584	-18.083868	91.419035	1.703468	4.100858	0.050009	-51.385729	26.108919	0.000000	
1307	13.06000	16.675516	-25.000422	155.188643	1.454288	7.622831	0.243255	-53.636344	15.355189	0.000000	
1308	13.07000	8.404073	-50.263439	167.695966	0.059945	8.769471	1.787642	-54.481668	11.972061	0.000000	
1309	13.08000	3.839743	-64.940318	195.177769	-0.737026	10.610167	2.532628	-55.312966	9.178472	0.000000	
1310	13.09000	-2.510285	-75.211650	222.668859	-1.217200	12.477137	3.108054	-55.729022	7.693323	0.000000	
1311	13.10000	-7.149192	-88.472183	242.687857	-1.895215	13.812566	3.887373	-55.870904	6.438037	0.000000	
1312	13.11000	-9.447810	-100.719813	267.152126	-2.360372	15.279103	4.465982	-55.908589	5.918122	0.000000	
1313	13.12000	-11.539917	-113.013201	292.322816	-2.852381	16.645932	5.094893	-55.492735	5.385330	0.000000	
1314	13.13000	-12.488043	-128.134731	316.230408	-3.358074	17.743500	5.840116	-54.657921	5.278929	0.000000	
1315	13.14000	-11.800366	-142.316984	339.348420	-3.854271	18.770801	6.606918	-54.054327	5.116419	0.000000	
1316	13.15000	-11.024572	-155.243489	359.184103	-4.260462	19.617747	7.507932	-53.523327	5.133796	0.000000	
1317	13.16000	-12.280713	-175.024519	380.573703	-5.007582	20.325412	8.343288	-52.249103	4.961731	0.000000	
1318	13.17000	-12.473095	-191.882039	399.323496	-5.620594	21.097870	9.431574	-51.717811	4.881947	0.000000	
1319	13.18000	-11.147966	-207.338571	418.061951	-5.971028	21.476778	10.165498	-50.441617	5.301444	0.000000	
1320	13.19000	-7.581848	-219.043753	435.222239	-6.115306	21.724277	10.710845	-49.360233	5.831197	0.000000	
1321	13.20000	-2.274430	-227.294542	449.725945	-5.980597	21.623226	11.100448	-48.027891	6.669779	0.000000	
1322	13.21000	3.150849	-229.308679	461.768573	-5.534132	21.415641	11.126908	-46.806964	7.625273	0.000000	
1323	13.22000	7.806786	-225.295157	469.843747	-4.912753	21.126657	10.796209	-45.792523	8.460197	0.000000	
1324	13.23000	10.147298	-216.788252	468.263032	-4.230221	20.645774	10.206563	-45.122643	9.210384	0.000000	
1325	13.24000	9.971692	-205.522918	456.834872	-3.453182	19.900948	9.430493	-44.601599	10.154150	0.000000	
1326	13.25000	8.101153	-192.594137	434.849595	-2.674900	18.883880	8.507695	-44.335274	11.278013	0.000000	
1327	13.26000	5.379504	-176.175230	410.132658	-1.945356	17.837803	7.460359	-44.177885	12.144238	0.000000	
1328	13.27000	2.948800	-158.545370	381.248935	-1.143390	16.639083	6.446044	-44.110155	13.332036	0.000000	
1329	13.28000	-0.736092	-140.256294	347.926146	-0.288607	15.330716	5.530669	-44.129606	14.984287	0.000000	
1330	13.29000	-4.420824	-123.063823	309.808669	0.524876	13.941399	4.729859	-44.572877	17.268539	0.000000	
1331	13.30000	-7.693397	-106.556493	271.330578	1.237993	12.389094	3.978948	-44.661317	19.953972	0.000000	
1332	13.31000	-9.209621	-91.140772	235.954796	1.994759	10.848254	3.302580	-44.543144	23.583134	0.000000	
1333	13.32000	-8.147302	-76.544754	206.183894	2.566633	9.534549	2.846633	-44.790465	26.967441	0.000000	
1334	13.33000	-7.868610	-67.067320	174.789694	2.830429	8.082886	2.586384	-44.567519	31.218483	0.000000	
1335	13.34000	-6.275870	-62.112695	150.669386	2.651399	6.918716	2.564256	-44.380525	33.781830	0.000000	
1336	13.35000	-5.563177	-59.696248	128.049987	2.251114	5.869612	2.596719	-44.226329	35.955485	0.000000	
1337	13.36000	-3.808908	-54.856758	107.662167	1.920148	4.830802	2.491486	-43.585525	37.970368	0.000000	
1338	13.37000	-0.857807	-46.451968	89.781706	1.652606	3.874847	2.097597	-42.922892	38.861639	0.000000	
1339	13.38000	1.085200	-35.307275	71.904020	1.608627	2.873501	1.578112	-40.728379	41.756183	0.000000	
1340	13.39000	1.479354	-23.436815	53.322829	1.448047	1.968641	1.015459	-38.198480	44.448641	0.000000	
1341	13.40000	1.719036	-13.508283	35.624794	1.166319	1.171565	0.488366	-34.998433	47.580484	0.000000	
1342	13.41000	0.967476	-6.642667	20.579887	0.795602	0.652890	0.184864	-33.786378	51.209774	0.000000	
1343	13.42000	0.500365	-3.360789	10.217666	0.375244	0.179500	-0.007181	-19.708907	49.525193	0.000000	
1344	13.43000	0.992487	-0.987954	4.470090	0.169489	0.016128	-0.106009	0.000000	0.000000	0.000000	
1345	13.44000	0.741682	-0.646309	4.383036	0.160829	0.024659	-0.100833	0.000000	0.000000	0.000000	
1346	13.45000	4.936497	12.971262	23.421414	1.333959	-1.880665	1.292398	71.584150	33.902665	0.000000	
1347	13.46000	-12.075843	23.382590	68.461912	3.501709	-6.427058	2.945071	100.889380	36.717907	0.000000	
1348	13.47000	-25.094572	24.875850	166.585581	4.542188	-17.614459	3.702516	111.704011	20.642707	0.000000	
1349	13.48000	-12.531768	-19.377755	96.752625	1.601460	-9.979165	-1.773087	108.249184	24.127655	0.000000	
1350	13.49000	-10.442835	-31.097390	139.911463	1.071417	-15.537248	-3.206459	113.929602	16.126220	0.000000	
1351	13.50000	-12.228444	-38.854388	196.037172	0.670787	-22.733163	-4.213405	118.344598	10.912708	0.000000	
1352	13.51000	-1.728637	-57.563723	214.131625	-0.345001	-25.767807	-6.599423	120.511772	8.748215	0.000000	
1353	13.52000	6.800326	-67.423869	240.627896	-0.959825	-30.039836	-7.842868	123.539177	6.832565	0.000000	
1354	13.53000	15.474169	-77.009839	257.430616	-1.481756	-32.924783	-9.060015	125.303951	5.835032	0.000000	
1355	13.54000	25.027974	-86.115267	268.949495	-1.958796	-35.092735	-10.168465	126.548839	5.162503	0.000000	
1356	13.55000	32.284818	-97.004563	282.490351	-2.565894	-37.290714	-11.720151	127.212939	4.304754	0.000000	
1357	13.56000	35.982561	-112.669280	302.792378	-3.263374	-40.117355	-13.715168	127.512432	3.776327	0.000000	
1358	13.57000	36.775184	-135.387814	327.918019	-4.071481	-43.017598	-16.638408	126.476776	3.793631	0.000000	
1359	13.58000	34.958414	-160.005020	357.436836	-4.935207	-46.392025	-19.811544	125.666201	3.814933	0.000000	
1360	13.59000	33.395885	-182.111373	391.112099	-5.684641	-50.292313	-22.689401	124.967618	3.817796	0.000000	
1361	13.60000	32.280921	-202.437207	419.856705	-6.324417	-53.603181	-25.328554	124.395103	3.960574	0.000000	
1362	13.61000	29.266229	-220.006736	439.877125	-6.708775	-55.720761	-27.441443	123.818868	4.503319	0.000000	
1363	13.62000	23.082873	-232.474086	456.837905	-6.964788	-57.147595	-28.886615	122.889258	4.863374	0.000000	
1364	13.63000	16.934581	-241.404264	466.843393	-6.907703	-57.713468	-29.775228	121.999220	5.646353	0.000000	
1365	13.64000	10.052761	-245.431641	475.207062	-6.702473	-57.775143	-30.054479	120.567300	6.313226	0.000000	
1366	13.65000	3.364587	-243.366688	477.151869	-6.207980	-57.248667	-29.591644	119.541181	7.145792	0.000000	
1367	13.66000	-1.879628	-235.618909	471.362332	-5.527300	-55.924648	-28.379473	118.654268	8.016911	0.000000	
1368	13.67000	-3.904937	-222.161113	458.099103	-4.658239	-54.090158	-26.461240	118.269040	8.969151	0.000000	
1369	13.68000	-2.642322	-207.603718	435.055846	-3.832519	-51.318736	-24.248662	118.053237	10.012770	0.000000	
1370	13.69000	1.406919	-190.941870	404.262173	-2.980488	-47.864266	-21.864231	118.105324	11.251703	0.000000	
1371	13.70000	5.720034	-172.544391	369.778049	-2.050925	-43.829490	-19.488733	117.748524	12.846260	0.000000	
1372	13.71000	9.004185	-152.780624	331.767697	-1.098482	-39.406967	-16.982678	117.524114	14.833423	0.000000	
1373	13.72000	10.968651	-132.402251	296.056158	-0.096230	-35.049534	-14.580192	116.730987	17.279825	0.000000	
1374	13.73000	12.551048	-113.962611	263.508616	0.937805	-31.017562	-12.398734	115.622964	20.565179	0.000000	
1375	13.74000	11.363446	-95.621519	234.927612	1.798059	-27.380372	-10.304914	114.431193	23.626048	0.000000	
1376	13.75000	11.728823	-81.202353	209.247717	2.391426	-24.103201	-8.697029	112.760847	26.631112	0.000000	
1377	13.76000	11.308487	-71.302945	188.390348	2.740282	-21.569325	-7.590431	111.902362	29.358987	0.000000	
1378	13.77000	11.962114	-64.414192	169.551337	2.813174	-19.396527	-6.894968	111.381315	31.462951	0.000000	
1379	13.78000	12.115959	-58.553267	150.970155	2.815243	-17.278584	-6.369174	111.038444	33.841117	0.000000	
1380	13.79000	12.409259	-53.081513	133.713440	2.665317	-15.351735	-5.870935	110.889079	35.497422	0.000000	
1381	13.80000	12.225708	-47.862832	116.898002	2.390107	-13.480654	-5.445389	110.919741	36.516573	0.000000	
1382	13.81000	12.040192	-43.055868	98.766944	2.030285	-11.274910	-5.070792	109.053196	37.702801	0.000000	
1383	13.82000	11.808947	-36.652672	79.223247	1.731372	-9.115063	-4.378289	108.849033	40.085903	0.000000	
1384	13.83000	10.780526	-30.138196	59.866545	1.323494	-6.739904	-3.739819	105.116028	41.994938	0.000000	
1385	13.84000	8.936898	-23.054568	42.887991	1.008854	-4.673802	-2.948384	100.361368	44.796693	0.000000	
1386	13.85000	7.532261	-16.198011	29.699644	0.752009	-3.096244	-2.024377	93.799035	46.912646	0.000000	
1387	13.86000	6.240940	-9.978809	17.210518	0.480943	-1.680859	-1.339418	82.784405	50.934629	0.000000	
1388	13.87000	4.524469	-5.265256	8.677984	0.286793	-0.745198	-0.700679	64.544491	57.131905	0.000000	
1389	13.88000	1.448874	-1.465820	4.548805	0.179612	-0.191124	-0.129640	0.000000	0.000000	0.000000	
1390	13.89000	0.969135	-0.873451	3.757812	0.205895	-0.046898	-0.101229	0.000000	0.000000	0.000000	
1391	13.90000	4.528207	17.809273	33.275606	2.306909	0.789846	-0.935801	-29.415798	47.031396	0.000000	
1392	13.91000	18.312400	21.945973	70.391358	3.754073	1.584441	-1.761428	-33.227368	40.110193	0.000000	
1393	13.92000	17.759964	22.441417	149.247908	5.118248	3.845048	-2.208898	-30.748218	27.627853	0.000000	
1394	13.93000	18.414076	-5.289936	134.850357	3.342516	3.161294	-1.181933	-29.141379	25.821288	0.000000	
1395	13.94000	16.189562	-25.256080	174.435678	2.468314	4.479699	-0.586233	-29.602978	19.471961	0.000000	
1396	13.95000	14.639489	-40.972352	217.853493	1.803156	5.826366	-0.163603	-29.626077	15.356627	0.000000	
1397	13.96000	10.675716	-61.284357	239.234220	0.932257	6.557136	0.464084	-29.373663	13.742235	0.000000	
1398	13.97000	7.868282	-80.221301	262.568571	0.238789	7.218221	0.916397	-28.860283	12.759414	0.000000	
1399	13.98000	6.602638	-96.826311	284.495057	-0.397367	7.718506	1.373122	-28.225541	11.867407	0.000000	
1400	13.99000	3.306518	-112.247236	302.337955	-0.905859	8.190232	1.796816	-27.686241	11.523763	0.000000	
1401	14.00000	1.102605	-126.706269	323.824626	-1.321511	8.726648	2.228328	-27.239376	11.251954	0.000000	
1402	14.01000	-0.462208	-141.575418	348.154759	-1.818048	9.371702	2.607981	-27.016689	10.734972	0.000000	
1403	14.02000	-2.684379	-158.545893	369.541646	-2.336322	9.908157	3.001243	-26.669390	10.544026	0.000000	
1404	14.03000	-4.997638	-176.293389	388.264406	-2.937988	10.381170	3.385380	-26.366993	10.315484	0.000000	
1405	14.04000	-4.814126	-192.412030	405.392655	-3.345743	10.578643	3.671114	-25.764900	10.465066	0.000000	
1406	14.05000	-2.613495	-204.576307	423.162074	-3.629344	10.651983	3.920110	-25.073909	10.499470	0.000000	
1407	14.06000	-0.013607	-214.361306	437.114559	-3.626236	10.457102	3.950118	-24.074159	11.062783	0.000000	
1408	14.07000	4.348146	-218.617518	449.591555	-3.471314	10.228334	3.940253	-23.295478	11.469338	0.000000	
1409	14.08000	8.009902	-217.415054	455.158176	-2.927751	9.702879	3.779389	-22.184736	12.409164	0.000000	
1410	14.09000	10.671511	-209.342457	451.713639	-2.214443	9.204300	3.473667	-21.488304	13.361341	0.000000	
1411	14.10000	11.810473	-194.559241	441.468328	-1.265372	8.714223	2.927002	-20.978131	14.474155	0.000000	
1412	14.11000	10.838189	-175.487163	420.779487	-0.115812	8.377330	2.280925	-21.107602	16.104390	0.000000	
1413	14.12000	9.007813	-151.301375	393.190251	1.266015	7.932335	1.529748	-21.257155	18.289733	0.000000	
1414	14.13000	7.783641	-124.625955	361.180478	2.703474	7.416189	0.779892	-21.560862	20.940444	0.000000	
1415	14.14000	7.581066	-97.424154	324.829170	4.164496	6.793156	0.203915	-22.013300	24.443078	0.000000	
1416	14.15000	9.087563	-70.426737	288.300848	5.417310	5.899257	-0.304852	-21.894774	28.153096	0.000000	
1417	14.16000	8.516360	-48.783083	250.606676	6.095949	5.161822	-0.487801	-22.129910	31.672002	0.000000	
1418	14.17000	6.286628	-37.173189	215.280856	5.898766	4.688997	-0.545994	-23.119264	33.854572	0.000000	
1419	14.18000	4.977457	-29.102089	184.827547	5.408691	4.333124	-0.630867	-24.690309	35.099631	0.000000	
1420	14.19000	1.260589	-21.242451	156.497135	4.935446	4.118170	-0.561655	-26.794217	36.491075	0.000000	
1421	14.20000	-3.087566	-15.028755	129.129188	4.387652	3.820404	-0.400805	-28.767181	38.146926	0.000000	
1422	14.21000	-5.202434	-9.474071	102.914709	3.685513	3.325286	-0.187851	-30.410378	38.991410	0.000000	
1423	14.22000	-6.085742	-5.193706	77.750435	3.038213	2.606367	-0.014034	-30.495594	41.230719	0.000000	
1424	14.23000	-5.122343	-1.843371	57.368536	2.492523	1.818079	0.091907	-28.217219	44.193785	0.000000	
1425	14.24000	-4.972517	-0.228193	42.033061	2.027955	1.246315	0.155515	-24.998526	47.908350	0.000000	
1426	14.25000	-4.230503	1.390457	30.868478	1.719071	0.848065	0.144011	-22.059682	53.301908	0.000000	
1427	14.26000	-3.052278	1.914281	23.161638	1.373808	0.549522	0.103253	-18.525652	55.398393	0.000000	
1428	14.27000	-1.941800	2.529899	17.229650	1.083514	0.332476	0.053101	-14.871836	56.364214	0.000000	
1429	14.28000	-0.941742	1.387173	11.379394	0.718428	0.142394	-0.011811	-9.304497	57.624310	0.000000	
1430	14.29000	-0.008212	-0.258629	5.974273	0.315282	0.042361	-0.022006	-7.187094	53.972726	0.000000	
1431	14.30000	0.877687	-0.531669	4.027060	0.170384	-0.029320	-0.114614	0.000000	0.000000	0.000000	
1432	14.31000	0.877614	-0.554595	3.762700	0.178552	0.015977	-0.087150	0.000000	0.000000	0.000000	
1433	14.32000	0.923384	-0.622984	3.849867	0.169827	-0.020200	-0.096378	0.000000	0.000000	0.000000	
1434	14.33000	0.923678	-0.531749	4.293594	0.170074	-0.020322	-0.087175	0.000000	0.000000	0.000000	
1435	14.34000	0.946249	-0.508621	4.204771	0.197020	-0.011042	-0.078067	0.000000	0.000000	0.000000	
1436	14.35000	-2.680352	20.675771	42.807034	4.270146	-2.961833	2.183224	71.581018	79.577751	0.000000	
1437	14.36000	-26.118262	41.877014	132.683084	12.098816	-11.272180	6.251738	92.798129	77.808373	0.000000	
1438	14.37000	-24.341754	12.051061	132.742398	10.342836	-11.375235	3.134197	92.989394	73.670589	0.000000	
1439	14.38000	-14.185394	-31.483839	112.486131	6.711766	-9.903267	-1.955916	93.009313	70.476353	0.000000	
1440	14.39000	-22.892311	-33.796857	200.036451	11.073334	-19.180749	-1.724369	100.381832	61.659757	0.000000	
1441	14.40000	-20.163759	-53.097034	230.870784	11.674846	-23.011858	-4.057702	103.068981	59.350731	0.000000	
1442	14.41000	-13.420843	-69.381816	253.536153	11.922177	-26.070942	-6.214940	104.826808	57.579226	0.000000	
1443	14.42000	-10.016334	-78.664096	283.700164	12.842143	-30.193767	-7.514298	107.709984	55.969379	0.000000	
1444	14.43000	-0.579871	-89.150530	298.277882	13.000364	-32.735560	-9.207365	109.675089	55.165002	0.000000	
1445	14.44000	6.422145	-98.663876	311.537260	13.028739	-35.019903	-10.694575	111.420354	54.124652	0.000000	
1446	14.45000	12.013681	-108.384256	324.880040	13.209731	-37.169311	-12.134648	112.755060	53.651099	0.000000	
1447	14.46000	16.945902	-121.414518	337.597708	13.288652	-38.983582	-13.925161	113.282408	53.410329	0.000000	
1448	14.47000	19.952808	-137.366078	355.853691	13.598906	-41.169325	-15.894564	113.262048	53.334064	0.000000	
1449	14.48000	19.873396	-155.331216	378.151935	13.993713	-43.593938	-17.907359	112.994682	53.129747	0.000000	
1450	14.49000	18.993202	-171.496125	397.547399	14.455905	-45.612545	-19.679618	112.642059	53.324465	0.000000	
1451	14.50000	16.266521	-184.177130	414.144663	14.927965	-47.029334	-20.873923	111.810109	53.548491	0.000000	
1452	14.51000	10.897938	-195.677587	429.339649	15.494957	-47.924760	-21.867326	110.441031	54.042082	0.000000	
1453	14.52000	4.160167	-202.756214	443.064500	16.174019	-48.353199	-22.264518	108.599792	54.532235	0.000000	
1454	14.53000	-1.522484	-201.828483	448.192666	16.865999	-47.815159	-21.698941	106.669951	55.361754	0.000000	
1455	14.54000	-6.034335	-193.875601	445.594828	17.421778	-46.663877	-20.400205	105.120275	56.210167	0.000000	
1456	14.55000	-8.734515	-181.336020	437.730117	17.862732	-45.150676	-18.641551	103.805320	57.074022	0.000000	
1457	14.56000	-9.737460	-166.036901	421.845898	17.961907	-43.284916	-16.671236	103.393466	58.006257	0.000000	
1458	14.57000	-8.360058	-148.387229	399.279118	17.762856	-40.866313	-14.481755	103.048222	59.022438	0.000000	
1459	14.58000	-5.422229	-128.889809	370.024797	17.276029	-37.859188	-12.223884	102.758026	60.277223	0.000000	
1460	14.59000	-2.219509	-108.048239	335.134013	16.575603	-34.327962	-9.960648	102.547131	61.995098	0.000000	
1461	14.60000	0.796191	-85.861131	298.671387	15.863899	-30.399080	-7.673658	101.520355	64.231855	0.000000	
1462	14.61000	3.540032	-64.608035	263.611998	15.263301	-26.595984	-5.529392	100.192832	67.295965	0.000000	
1463	14.62000	4.606875	-46.003624	232.325477	14.695451	-23.183260	-3.650787	98.830087	70.737168	0.000000	
1464	14.63000	3.270750	-30.756012	206.486859	14.215664	-20.179524	-2.083497	96.932149	74.336073	0.000000	
1465	14.64000	2.398097	-21.505965	185.293172	13.626269	-17.734207	-1.250151	95.030863	77.694085	0.000000	
1466	14.65000	2.216078	-17.183883	166.453992	12.751936	-15.803662	-0.920364	94.250005	80.243420	0.000000	
1467	14.66000	4.221321	-16.576868	148.394330	11.609479	-14.177619	-1.100045	94.232416	82.212167	0.000000	
1468	14.67000	5.910588	-17.340483	130.944728	10.332639	-12.679103	-1.422155	94.842238	83.728025	0.000000	
1469	14.68000	7.031713	-17.672035	114.383535	9.064964	-11.136496	-1.679112	94.711830	84.966675	0.000000	
1470	14.69000	7.968148	-17.230812	95.536636	7.595785	-9.369436	-1.898287	94.531830	86.272891	0.000000	
1471	14.70000	8.695085	-15.516953	72.383334	5.803710	-7.098402	-1.992077	93.035547	88.328026	0.000000	
1472	14.71000	7.876297	-11.845681	49.500366	4.028726	-4.849002	-1.738271	91.344083	90.548274	0.000000	
1473	14.72000	6.972477	-8.468637	32.090394	2.493380	-2.933671	-1.416200	82.442000	87.858002	0.000000	
1474	14.73000	5.073622	-3.305479	21.366377	1.780888	-1.821210	-0.748422	75.440502	89.074490	0.000000	
1475	14.74000	3.474821	0.356709	14.774289	1.336914	-1.158475	-0.265925	68.706824	88.949814	0.000000	
1476	14.75000	1.879978	0.756075	9.493257	0.785237	-0.567415	-0.097603	51.574842	78.921736	0.000000	
1477	14.76000	1.605282	0.204460	5.962575	0.518153	-0.297629	-0.106354	38.829342	84.949391	0.000000	
1478	14.77000	0.877868	-0.599924	3.936910	0.197224	-0.038168	-0.096337	0.000000	0.000000	0.000000	
1479	14.78000	0.878006	-0.485633	4.200916	0.207050	-0.092459	-0.100813	0.000000	0.000000	0.000000	
1480	14.79000	0.923473	-0.486224	3.850684	0.169646	-0.020313	-0.068747	0.000000	0.000000	0.000000	
1481	14.80000	1.400505	-0.415026	5.001373	0.270969	-0.036960	-0.147619	-4.135524	56.990451	0.000000	
1482	14.81000	8.579885	27.476775	40.336756	4.636473	0.058538	-0.897173	-10.242617	86.719291	0.000000	
1483	14.82000	25.896214	31.590364	68.086206	6.839415	-0.299796	-2.557213	-11.196763	81.049283	0.000000	
1484	14.83000	28.985959	24.829247	83.005174	7.593341	-0.606223	-2.747385	-7.031849	78.772528	0.000000	
1485	14.84000	27.727596	9.619255	87.447296	7.118184	-0.699290	-2.379447	-5.033688	76.373269	0.000000	
1486	14.85000	33.784627	3.309060	123.367245	8.805243	-0.843982	-2.558732	-4.433655	69.726038	0.000000	
1487	14.86000	34.875545	-2.458403	184.193203	11.151559	-0.216917	-2.492297	-6.664798	60.526008	0.000000	
1488	14.87000	31.037301	-20.549444	202.107484	10.730268	0.309943	-2.106724	-7.923072	56.662611	0.000000	
1489	14.88000	25.679341	-28.296847	225.551606	11.015185	0.908748	-1.764270	-8.805427	53.373204	0.000000	
1490	14.89000	20.901763	-33.189822	242.007591	11.301380	1.427348	-1.479523	-9.558158	51.709689	0.000000	
1491	14.90000	15.811241	-40.277981	255.969450	11.347117	1.799532	-1.057349	-9.691427	50.162062	0.000000	
1492	14.91000	9.083653	-48.099031	269.924357	11.499564	2.324282	-0.601803	-10.130052	49.281412	0.000000	
1493	14.92000	3.517312	-56.829266	284.401893	11.680639	2.670352	-0.263027	-10.044058	48.627710	0.000000	
1494	14.93000	-0.795303	-65.872842	304.368787	12.100853	2.965184	-0.018789	-9.788353	47.988398	0.000000	
1495	14.94000	-2.892914	-79.477989	322.006105	12.342689	2.946652	0.238626	-8.938437	47.796358	0.000000	
1496	14.95000	-1.222591	-90.308797	339.918068	12.837109	2.618328	0.249671	-7.709143	47.996915	0.000000	
1497	14.96000	2.973315	-101.909855	357.118078	13.295518	2.076576	0.179223	-6.305368	48.261316	0.000000	
1498	14.97000	9.372015	-112.134068	374.322444	13.955716	1.403416	0.065304	-4.918496	48.890536	0.000000	
1499	14.98000	17.126341	-119.113352	388.791875	14.622394	0.496777	-0.217388	-3.219225	49.494033	0.000000	
1500	14.99000	24.800809	-121.869285	399.111891	15.375684	-0.500233	-0.560933	-1.422827	50.367662	0.000000	
1501	15.00000	31.534886	-123.399141	401.385156	15.746186	-1.373776	-0.960757	0.079295	51.157096	0.000000	
1502	15.01000	34.799024	-119.231149	398.721819	16.271154	-1.944839	-1.076889	1.180587	52.394609	0.000000	
1503	15.02000	35.942282	-113.633899	391.824038	16.468998	-2.258666	-1.211496	1.886486	53.251562	0.000000	
1504	15.03000	35.256933	-106.423111	377.059675	16.472073	-2.222931	-1.296065	1.945370	54.590044	0.000000	
1505	15.04000	32.588307	-99.724218	353.888553	16.033715	-1.911387	-1.363388	1.508647	56.193456	0.000000	
1506	15.05000	28.712617	-93.098656	327.799137	15.438364	-1.430412	-1.387531	0.653766	58.073230	0.000000	
1507	15.06000	24.925031	-84.716461	300.214671	14.842520	-0.913746	-1.277387	-0.480746	60.341774	0.000000	
1508	15.07000	21.270602	-74.530987	271.926474	14.240746	-0.524057	-1.175083	-1.402148	62.942897	0.000000	
1509	15.08000	18.139527	-63.842061	244.347675	13.667319	-0.224260	-1.045578	-2.249696	65.986702	0.000000	
1510	15.09000	14.711737	-52.309633	216.857390	13.051203	-0.043070	-0.942383	-2.709110	69.421468	0.000000	
1511	15.10000	12.205081	-45.253311	191.485736	11.986720	0.127935	-0.888763	-3.409244	71.638040	0.000000	
1512	15.11000	9.140007	-41.649003	166.636044	10.634104	0.359686	-0.634480	-4.538625	73.408761	0.000000	
1513	15.12000	8.286461	-39.768403	149.390816	9.675351	0.461644	-0.578337	-5.495398	75.018324	0.000000	
1514	15.13000	8.004401	-37.927989	138.429700	9.037815	0.520819	-0.583748	-6.263191	75.857207	0.000000	
1515	15.14000	8.541927	-35.832805	130.125741	8.547412	0.527554	-0.618046	-6.872676	76.311054	0.000000	
1516	15.15000	9.145554	-32.779748	120.053153	8.003116	0.461468	-0.619276	-7.090252	77.193866	0.000000	
1517	15.16000	8.973874	-29.345143	104.492144	7.093951	0.328661	-0.544510	-6.785731	78.737036	0.000000	
1518	15.17000	7.388949	-24.206491	85.757276	5.858095	0.272510	-0.369493	-6.829486	79.215563	0.000000	
1519	15.18000	4.915065	-19.163649	62.502459	4.411751	0.177979	-0.174154	-6.193806	82.479126	0.000000	
1520	15.19000	2.691576	-13.891594	40.843732	2.967635	0.047445	-0.043329	-3.990499	85.913129	0.000000	
1521	15.20000	0.856247	-8.317583	25.476477	1.880030	0.045969	0.039890	-3.321790	86.495846	0.000000	
1522	15.21000	-0.361437	-4.086506	13.377547	0.938318	0.001315	0.047411	0.846651	81.989209	0.000000	
1523	15.22000	-0.457401	-2.862580	5.603462	0.229969	-0.021565	0.027524	7.011485	61.230087	0.000000	
1524	15.23000	0.581813	-0.668674	3.757543	0.215567	-0.038326	-0.118957	0.000000	0.000000	0.000000	
1525	15.24000	1.173208	-0.485319	4.028943	0.179187	-0.010764	-0.110428	0.000000	0.000000	0.000000	
1526	15.25000	0.923441	-0.599554	4.024572	0.224362	-0.046978	-0.087267	0.000000	0.000000	0.000000	
1527	15.26000	-0.536641	19.810252	32.673352	3.685754	-1.973144	1.427786	60.904672	87.622180	0.000000	
1528	15.27000	-17.495877	27.466948	69.986234	6.638594	-3.850674	3.207039	65.021304	78.357218	0.000000	
1529	15.28000	-26.208598	22.554050	129.934355	9.672400	-8.174559	3.746987	70.952816	66.831971	0.000000	
1530	15.29000	-18.059072	-18.087380	115.306136	6.697420	-7.592612	0.106642	72.056020	63.895978	0.000000	
1531	15.30000	-18.495694	-43.561187	153.928279	7.078944	-10.787440	-1.934245	74.808714	56.923584	0.000000	
1532	15.31000	-19.581103	-59.919959	212.878633	8.637727	-15.773855	-3.216802	77.681308	51.449013	0.000000	
1533	15.32000	-14.684610	-81.755648	243.305697	8.888947	-18.862725	-5.174209	79.825732	49.622597	0.000000	
1534	15.33000	-9.088007	-95.694012	275.709848	9.399388	-22.269657	-6.503093	81.958423	47.629404	0.000000	
1535	15.34000	-1.440474	-107.854715	292.683982	9.343266	-24.517536	-7.928987	83.815435	46.330484	0.000000	
1536	15.35000	5.996590	-118.053979	307.291751	9.310951	-26.349742	-9.225131	84.803322	45.344372	0.000000	
1537	15.36000	12.669840	-132.268177	326.903771	9.409635	-28.633456	-10.770970	85.863358	44.658342	0.000000	
1538	15.37000	16.440557	-153.286961	350.370737	9.454557	-30.846422	-12.855003	85.981208	44.194496	0.000000	
1539	15.38000	17.164520	-175.842028	373.034472	9.477334	-32.728373	-14.922637	85.714309	43.992276	0.000000	
1540	15.39000	15.729011	-196.940288	397.639223	9.691733	-34.703672	-16.752736	85.515316	43.929728	0.000000	
1541	15.40000	13.584557	-215.598838	420.668993	10.020379	-36.381641	-18.282369	85.021241	44.076864	0.000000	
1542	15.41000	9.637773	-231.091215	440.891691	10.389332	-37.601692	-19.431525	84.245329	44.293508	0.000000	
1543	15.42000	2.887011	-244.127074	456.711370	10.804958	-38.183660	-20.208670	83.196532	44.809200	0.000000	
1544	15.43000	-4.510353	-251.005533	468.063267	11.322830	-38.216422	-20.343288	81.886954	45.412164	0.000000	
1545	15.44000	-12.581278	-250.769182	471.504232	11.895025	-37.528308	-19.774851	80.524058	46.269869	0.000000	
1546	15.45000	-18.845944	-243.297859	468.363715	12.506654	-36.369385	-18.611869	79.133856	47.241870	0.000000	
1547	15.46000	-21.235878	-229.798053	456.164389	12.904336	-34.818815	-17.109535	78.067870	48.190056	0.000000	
1548	15.47000	-21.382041	-212.758886	438.061267	13.181361	-33.194383	-15.373003	77.605687	49.257241	0.000000	
1549	15.48000	-18.147441	-192.247721	413.801747	13.236228	-31.341403	-13.399235	77.368912	50.297177	0.000000	
1550	15.49000	-12.579202	-170.411657	381.515703	12.968521	-29.142819	-11.458919	77.573675	51.574630	0.000000	
1551	15.50000	-6.473590	-147.389428	344.207735	12.508134	-26.545998	-9.651308	77.733473	53.171244	0.000000	
1552	15.51000	-0.077208	-123.590510	305.055005	12.028723	-23.686184	-7.926306	77.503497	55.327195	0.000000	
1553	15.52000	4.931284	-99.428638	267.229245	11.605452	-20.773803	-6.231623	76.835885	57.981597	0.000000	
1554	15.53000	7.645877	-76.503587	231.333147	11.175454	-17.982039	-4.621944	76.237451	61.181668	0.000000	
1555	15.54000	8.273011	-56.502613	198.953768	10.721981	-15.309933	-3.314530	75.110956	64.867516	0.000000	
1556	15.55000	7.430791	-41.456759	170.260214	10.098736	-12.838471	-2.380092	73.480022	68.644012	0.000000	
1557	15.56000	7.919412	-32.613979	146.480383	9.273227	-10.979623	-2.029224	72.608056	71.791030	0.000000	
1558	15.57000	10.030408	-27.922352	124.448900	8.142227	-9.499137	-2.049616	72.903740	73.980087	0.000000	
1559	15.58000	12.327695	-25.720660	102.856853	6.693204	-8.010753	-2.236656	72.862361	74.670397	0.000000	
1560	15.59000	13.756822	-22.608823	78.617710	5.214731	-6.297533	-2.366852	72.843941	77.451350	0.000000	
1561	15.60000	13.004381	-17.404811	55.892982	3.708160	-4.526065	-2.116520	71.375311	78.432320	0.000000	
1562	15.61000	10.867879	-13.550011	34.665838	2.253994	-2.638393	-1.824384	63.224067	80.337058	0.000000	
1563	15.62000	9.079017	-8.275666	19.700418	1.214443	-1.454986	-1.279681	54.985801	78.147931	0.000000	
1564	15.63000	6.362382	-4.092395	10.279548	0.651602	-0.658640	-0.813397	38.782577	78.998524	0.000000	
1565	15.64000	2.381831	-1.530284	6.051022	0.317086	-0.279351	-0.177091	30.026562	62.114594	0.000000	
1566	15.65000	0.855297	-0.714319	3.936957	0.170097	-0.038344	-0.110103	0.000000	0.000000	0.000000	
1567	15.66000	0.208447	14.218058	22.951853	2.644462	0.887734	-0.491907	-39.199372	89.499366	0.000000	
1568	15.67000	6.778059	21.970429	38.955725	4.077136	1.494676	-1.748426	-45.587665	81.195968	0.000000	
1569	15.68000	12.773728	16.074617	46.391449	4.189377	1.586238	-1.880855	-45.527963	75.673199	0.000000	
1570	15.69000	14.092913	7.124020	46.890914	3.746904	1.559213	-1.553053	-45.610910	73.177554	0.000000	
1571	15.70000	14.182569	-1.276401	52.263082	3.705964	1.795370	-1.311980	-45.526478	71.342908	0.000000	
1572	15.71000	18.530209	0.033345	83.040003	5.440324	2.914838	-1.719056	-44.317079	64.939389	0.000000	
1573	15.72000	26.725653	6.209757	157.512602	8.839198	6.244137	-2.426974	-46.685746	53.957418	0.000000	
1574	15.73000	20.516029	-8.973463	163.217279	8.045162	6.854827	-1.428766	-47.255728	50.965252	0.000000	
1575	15.74000	16.294863	-17.315891	184.307387	8.155293	8.241145	-0.840965	-48.457324	47.505313	0.000000	
1576	15.75000	13.192156	-17.910850	209.781203	8.779885	9.839184	-0.650120	-49.608587	44.761404	0.000000	
1577	15.76000	9.134050	-20.636935	221.312351	8.881039	10.809880	-0.323338	-50.673106	43.357410	0.000000	
1578	15.77000	6.191670	-24.135828	232.122727	9.001036	11.520301	-0.048682	-50.865973	42.441309	0.000000	
1579	15.78000	4.001100	-27.654958	244.616670	9.212000	12.214058	0.247608	-50.748138	41.691777	0.000000	
1580	15.79000	0.425421	-32.137750	255.154686	9.319333	12.941522	0.687650	-50.940416	41.081017	0.000000	
1581	15.80000	-1.832892	-35.427790	269.331921	9.621852	13.653640	0.993022	-50.570479	40.508509	0.000000	
1582	15.81000	-3.472059	-40.978394	282.173274	9.756256	14.338813	1.388240	-50.468281	39.914833	0.000000	
1583	15.82000	-5.234286	-51.940857	295.694560	9.737068	14.942252	1.949962	-49.966181	39.504924	0.000000	
1584	15.83000	-6.036277	-65.115534	309.653310	9.713156	15.610745	2.586748	-49.774294	39.349695	0.000000	
1585	15.84000	-4.128645	-79.033935	328.749508	9.918462	16.212108	3.099293	-48.956807	39.375537	0.000000	
1586	15.85000	-1.766456	-93.246949	347.399919	10.213539	16.814988	3.606301	-48.348278	39.742667	0.000000	
1587	15.86000	-0.361670	-106.504051	364.098122	10.473480	17.298551	4.147780	-47.622741	40.087109	0.000000	
1588	15.87000	1.672566	-117.130961	381.331773	10.985296	17.648854	4.488001	-46.612689	40.724208	0.000000	
1589	15.88000	4.448620	-125.246417	392.903669	11.382439	17.791557	4.724449	-45.894491	41.358020	0.000000	
1590	15.89000	7.527370	-127.652460	400.770405	11.908437	17.672764	4.707950	-45.012213	42.091532	0.000000	
1591	15.90000	9.844731	-126.889257	402.535105	12.221952	17.397856	4.521459	-44.366422	42.606400	0.000000	
1592	15.91000	11.176937	-124.736831	397.563025	12.436377	16.958699	4.287776	-43.950853	43.465701	0.000000	
1593	15.92000	11.293475	-119.872711	385.955075	12.454593	16.426384	3.930203	-43.901182	44.325117	0.000000	
1594	15.93000	10.059587	-112.662203	368.147384	12.303738	15.710384	3.485409	-43.936360	45.290959	0.000000	
1595	15.94000	7.637090	-103.744147	344.133739	12.026938	14.756854	3.072040	-43.934887	46.633506	0.000000	
1596	15.95000	4.117320	-93.346817	315.250547	11.587753	13.728505	2.643653	-44.230765	48.224609	0.000000	
1597	15.96000	0.732039	-82.013578	284.860019	11.140890	12.546354	2.229870	-44.300698	50.244534	0.000000	
1598	15.97000	-1.856360	-70.883917	254.736997	10.720175	11.374493	1.851510	-44.508336	52.826053	0.000000	
1599	15.98000	-3.735704	-61.053447	226.025633	10.333901	10.176777	1.521620	-44.506011	56.131948	0.000000	
1600	15.99000	-4.062254	-52.703261	200.947166	9.972739	9.017264	1.270812	-44.205161	59.722024	0.000000	
1601	16.00000	-4.264282	-47.552008	178.611447	9.360927	7.964612	1.196663	-43.774578	62.663538	0.000000	
1602	16.01000	-4.457896	-45.483466	159.817064	8.635838	7.137574	1.165825	-43.680408	65.035765	0.000000	
1603	16.02000	-3.942212	-42.548696	142.540210	7.906720	6.364261	1.533716	-43.678012	67.034888	0.000000	
1604	16.03000	-4.831613	-43.223139	127.198282	7.031554	5.743107	1.653022	-43.760484	68.522669	0.000000	
1605	16.04000	-4.379577	-42.960071	111.687798	6.084615	5.032361	1.821961	-43.617183	69.542154	0.000000	
1606	16.05000	-4.224993	-41.786106	95.119458	5.021097	4.283984	1.987715	-43.386325	70.070522	0.000000	
1607	16.06000	-3.260501	-38.301532	78.294572	4.109825	3.501906	1.827962	-43.188355	71.801603	0.000000	
1608	16.07000	-1.912977	-33.081587	61.657258	3.157138	2.674442	1.581852	-42.268247	72.437206	0.000000	
1609	16.08000	-0.752437	-26.011498	44.937174	2.325915	1.847352	1.249871	-40.582013	74.709881	0.000000	
1610	16.09000	-0.182121	-19.603358	30.341969	1.567465	1.155789	0.853449	-38.000712	77.341477	0.000000	
1611	16.10000	-0.019691	-12.875191	19.561312	0.963677	0.635985	0.507412	-32.623929	75.438022	0.000000	
1612	16.11000	-0.193299	-7.835836	11.255219	0.500845	0.288556	0.292997	-25.092417	72.215860	0.000000	
1613	16.12000	-0.209280	-2.427342	5.965721	0.311432	0.142232	-0.009626	-22.569193	68.170115	0.000000	
1614	16.13000	3.430065	2.570016	18.689263	1.428905	-1.042023	-0.049293	48.148712	70.312075	0.000000	
1615	16.14000	-4.866913	24.417169	49.543661	4.490652	-3.109915	2.082407	66.608567	70.064936	0.000000	
1616	16.15000	-20.381052	25.906777	137.155999	8.047165	-9.275069	3.135241	73.507060	50.441317	0.000000	
1617	16.16000	-16.743897	-4.188413	98.822356	4.951957	-6.494511	0.732909	72.448154	51.272267	0.000000	
1618	16.17000	-9.810393	-31.738253	112.486515	3.912781	-7.992062	-1.757228	74.438831	45.685117	0.000000	
1619	16.18000	-16.015051	-34.145904	179.625022	5.727813	-13.472187	-1.711180	78.470455	39.049463	0.000000	
1620	16.19000	-10.666996	-51.854896	210.094306	5.734022	-16.329145	-3.344891	79.632633	36.758192	0.000000	
1621	16.20000	-3.980907	-65.179015	239.957312	5.923654	-19.438338	-4.623882	81.528883	35.159527	0.000000	
1622	16.21000	3.604836	-77.157375	261.707383	5.950907	-21.913259	-5.847904	83.020072	34.154102	0.000000	
1623	16.22000	11.227549	-89.254147	274.989909	5.641770	-23.601924	-7.094700	84.017675	33.139862	0.000000	
1624	16.23000	17.711159	-101.283847	287.919670	5.431153	-25.083176	-8.349556	84.467884	32.591959	0.000000	
1625	16.24000	21.472743	-114.207449	307.287890	5.380036	-26.866412	-9.597284	84.440275	32.044263	0.000000	
1626	16.25000	23.232545	-129.599112	325.672976	5.326171	-28.325187	-11.055543	83.924599	31.957827	0.000000	
1627	16.26000	23.263242	-146.454998	342.726918	5.268734	-29.468806	-12.577093	83.074150	32.169721	0.000000	
1628	16.27000	23.067724	-163.106409	360.486184	5.185346	-30.730861	-14.065922	82.497020	32.202087	0.000000	
1629	16.28000	22.624362	-180.168704	379.385286	5.121909	-32.201297	-15.563740	82.303136	32.229474	0.000000	
1630	16.29000	20.361224	-197.577815	397.841639	5.038502	-33.466148	-17.036643	81.888246	32.275989	0.000000	
1631	16.30000	16.071170	-212.525260	417.282207	5.225822	-34.479889	-18.226127	80.913037	32.650022	0.000000	
1632	16.31000	10.411994	-223.483607	434.269703	5.597059	-35.107250	-18.815060	79.715872	33.230699	0.000000	
1633	16.32000	4.289530	-230.084749	447.745339	6.118782	-35.373748	-19.029065	78.462668	33.977757	0.000000	
1634	16.33000	-2.340801	-231.805891	457.715120	6.672739	-35.289853	-18.766510	77.155344	34.588483	0.000000	
1635	16.34000	-7.641111	-228.734757	459.761480	7.200901	-34.698713	-18.084696	75.993722	35.309520	0.000000	
1636	16.35000	-11.973154	-220.643789	455.915198	7.715009	-33.782200	-16.964568	75.011765	36.018986	0.000000	
1637	16.36000	-13.516625	-209.856652	444.572546	8.079205	-32.672925	-15.689544	74.575330	36.785947	0.000000	
1638	16.37000	-12.271716	-196.738018	426.889668	8.293769	-31.225927	-14.351964	74.162674	37.587369	0.000000	
1639	16.38000	-8.167924	-183.114380	401.172399	8.256719	-29.513374	-12.994065	74.242326	38.561129	0.000000	
1640	16.39000	-2.843518	-168.416120	370.780630	8.118202	-27.554836	-11.751499	74.474811	39.784072	0.000000	
1641	16.40000	2.567453	-152.486772	338.195744	7.895725	-25.280199	-10.466960	74.289467	41.100254	0.000000	
1642	16.41000	7.451623	-135.964004	304.372912	7.737350	-22.915063	-9.259459	74.139423	43.004452	0.000000	
1643	16.42000	10.810860	-118.989364	270.380783	7.505561	-20.335624	-8.013037	73.434728	45.074126	0.000000	
1644	16.43000	12.509457	-101.833565	237.614482	7.413183	-17.893218	-6.837892	73.012968	48.045615	0.000000	
1645	16.44000	11.528173	-84.021361	209.357533	7.432165	-15.500250	-5.503228	71.648397	51.240906	0.000000	
1646	16.45000	10.094997	-67.304046	183.828754	7.473797	-13.369847	-4.347633	70.347143	54.967466	0.000000	
1647	16.46000	7.923155	-53.554355	165.175762	7.528591	-11.683909	-3.252816	68.635621	58.188800	0.000000	
1648	16.47000	7.075999	-43.910165	147.826377	7.252909	-10.403651	-2.680150	68.281005	60.569007	0.000000	
1649	16.48000	8.256526	-38.486240	128.610248	6.540705	-9.157594	-2.520539	68.444457	62.451797	0.000000	
1650	16.49000	10.458890	-34.340252	106.836732	5.563242	-7.693719	-2.550910	67.885392	64.568215	0.000000	
1651	16.50000	12.387511	-30.723603	82.416422	4.239282	-6.078364	-2.640260	67.494919	66.019059	0.000000	
1652	16.51000	11.791934	-24.670617	60.125324	3.087873	-4.412822	-2.380935	65.275901	67.463456	0.000000	
1653	16.52000	9.494359	-18.232787	40.303527	2.108418	-2.839946	-1.871678	60.743914	70.128206	0.000000	
1654	16.53000	6.999101	-11.448230	28.424911	1.544566	-1.835835	-1.284608	54.432441	70.137323	0.000000	
1655	16.54000	5.030140	-5.688061	18.302585	1.055252	-1.083623	-0.763158	47.891433	69.719248	0.000000	
1656	16.55000	3.566555	-2.320946	10.726570	0.649311	-0.573687	-0.404735	39.826172	68.762078	0.000000	
1657	16.56000	0.770095	7.821751	21.944251	1.995241	0.451075	-0.495221	-22.133211	75.887829	0.000000	
1658	16.57000	6.793733	26.992980	40.568902	4.256827	1.367408	-1.662618	-40.659593	77.346141	0.000000	
1659	16.58000	14.017467	29.058222	58.241902	5.413223	2.100183	-2.510768	-45.987048	72.121438	0.000000	
1660	16.59000	16.344021	17.923532	68.935849	5.324135	2.547269	-2.307378	-46.733024	66.114462	0.000000	
1661	16.60000	16.631937	5.437468	87.608983	5.305340	3.434232	-1.943038	-47.062332	57.477481	0.000000	
1662	16.61000	21.896595	-0.927253	136.847486	6.625726	5.762671	-1.936997	-48.761201	48.133263	0.000000	
1663	16.62000	20.616344	-11.063672	164.671157	6.935260	7.190382	-1.387520	-48.902327	44.285768	0.000000	
1664	16.63000	16.419217	-19.517507	188.679496	7.264263	8.578045	-0.809685	-49.150329	42.143024	0.000000	
1665	16.64000	13.782458	-25.296801	208.443264	7.571145	9.705570	-0.405663	-49.400041	40.692544	0.000000	
1666	16.65000	8.847143	-31.655223	218.342147	7.621158	10.313430	0.145337	-49.033267	40.234157	0.000000	
1667	16.66000	5.453325	-36.894216	223.733032	7.409986	10.759189	0.567695	-49.231757	39.258430	0.000000	
1668	16.67000	3.401886	-42.217471	231.595676	7.509127	11.073276	0.932507	-48.561950	39.268251	0.000000	
1669	16.68000	1.921796	-47.743482	244.605883	7.735786	11.605604	1.290835	-47.917635	38.994083	0.000000	
1670	16.69000	0.715417	-52.994000	260.899768	8.027969	12.219788	1.597987	-47.100870	38.461163	0.000000	
1671	16.70000	0.444641	-59.657501	277.277752	8.344228	12.844793	1.957904	-46.542172	38.272997	0.000000	
1672	16.71000	-1.441267	-66.371200	291.698427	8.587603	13.394814	2.357059	-45.871802	38.122390	0.000000	
1673	16.72000	-3.738927	-73.040741	303.819181	8.775107	14.052847	2.734006	-45.906561	38.087962	0.000000	
1674	16.73000	-4.811013	-78.954844	312.566824	8.883407	14.332308	3.055751	-45.380844	38.121333	0.000000	
1675	16.74000	-4.658368	-84.272134	319.279955	9.010682	14.541584	3.293917	-45.104756	38.383076	0.000000	
1676	16.75000	-4.052515	-88.810527	327.413619	9.276120	14.761304	3.476555	-44.734275	38.789363	0.000000	
1677	16.76000	-2.721570	-91.654574	340.164161	9.809904	15.064675	3.525303	-44.113937	39.223220	0.000000	
1678	16.77000	-0.570126	-94.792227	356.377128	10.452467	15.541571	3.553648	-43.697325	39.574009	0.000000	
1679	16.78000	2.132933	-99.598845	370.721506	10.819115	15.818337	3.746263	-43.055131	39.536749	0.000000	
1680	16.79000	4.771240	-99.197797	376.742480	11.367390	15.762213	3.613039	-42.504923	40.308023	0.000000	
1681	16.80000	6.251166	-100.631710	375.226127	11.401592	15.620481	3.587377	-42.458542	40.719533	0.000000	
1682	16.81000	7.156976	-100.127890	369.011690	11.347610	15.205926	3.564793	-42.147287	41.212950	0.000000	
1683	16.82000	7.979364	-95.309665	356.699179	11.229182	14.628308	3.238760	-42.071158	41.774198	0.000000	
1684	16.83000	7.694897	-85.448598	338.373296	11.145856	13.850217	2.744088	-42.007777	42.637034	0.000000	
1685	16.84000	5.621974	-70.548031	313.328293	10.987273	12.933087	2.164477	-42.157612	43.652186	0.000000	
1686	16.85000	2.395197	-50.424137	279.527272	10.699515	11.805440	1.426163	-42.734007	45.044878	0.000000	
1687	16.86000	-0.852715	-30.711245	245.366981	10.446195	10.641774	0.783976	-43.382101	47.098467	0.000000	
1688	16.87000	-3.591368	-13.942395	213.941513	10.152473	9.478675	0.244430	-43.775600	49.542451	0.000000	
1689	16.88000	-5.434372	0.227050	187.472541	9.945690	8.462048	-0.202562	-44.112617	52.443460	0.000000	
1690	16.89000	-7.037439	11.019162	169.062543	9.815794	7.744345	-0.502065	-44.269339	54.854158	0.000000	
1691	16.90000	-7.875533	16.813741	157.110343	9.660562	7.290122	-0.687658	-44.517782	56.583707	0.000000	
1692	16.91000	-8.404534	18.317739	151.704509	9.535232	7.080772	-0.726200	-44.577083	57.391123	0.000000	
1693	16.92000	-7.556345	15.556290	152.138359	9.404080	7.054404	-0.678540	-44.503518	57.101000	0.000000	
1694	16.93000	-5.973333	10.788937	158.241863	9.361921	7.210404	-0.615826	-44.184990	55.834194	0.000000	
1695	16.94000	-3.321208	5.956842	165.409937	9.428662	7.377694	-0.573253	-43.939397	54.980347	0.000000	
1696	16.95000	-1.127249	2.767305	172.405440	9.507652	7.489751	-0.560972	-43.329508	53.936343	0.000000	
1697	16.96000	0.564386	0.214096	176.743698	9.459802	7.518837	-0.524041	-42.822998	52.914712	0.000000	
1698	16.97000	0.907223	-0.265622	176.386560	9.359768	7.419138	-0.510707	-42.423105	52.566315	0.000000	
1699	16.98000	0.973195	0.624210	174.258642	9.324680	7.256101	-0.500514	-42.019059	52.806288	0.000000	
1700	16.99000	1.452488	0.077117	174.701085	9.296695	7.247555	-0.487741	-41.975534	52.638139	0.000000	
1701	17.00000	1.844414	-1.817106	176.469495	9.257326	7.329388	-0.434716	-42.110349	52.317912	0.000000	
1702	17.01000	2.283518	-4.029673	180.718635	9.308926	7.484110	-0.387057	-42.078649	51.857428	0.000000	
1703	17.02000	2.564724	-7.065589	183.724505	9.249936	7.629097	-0.321076	-42.244018	51.349910	0.000000	
1704	17.03000	2.505351	-10.078698	188.503921	9.254854	7.864331	-0.259616	-42.411917	50.709081	0.000000	
1705	17.04000	2.401196	-13.367066	192.576914	9.176576	8.144179	-0.152239	-42.949340	49.911811	0.000000	
1706	17.05000	1.730021	-17.205658	195.579204	9.006892	8.314149	-0.002773	-43.022056	49.066582	0.000000	
1707	17.06000	1.193448	-20.884829	195.033527	8.799532	8.366783	0.188472	-43.300134	48.908390	0.000000	
1708	17.07000	1.614656	-20.266190	202.444090	9.112050	7.598047	0.624129	-38.007914	48.517234	0.000000	
1709	17.08000	-1.300132	-15.569550	216.922545	9.747934	6.216755	1.732128	-28.567846	47.293694	0.000000	
1710	17.09000	-3.598726	-16.554419	227.918630	10.030147	4.710736	2.203155	-20.179612	46.398740	0.000000	
1711	17.10000	-2.563807	-24.245122	243.402403	9.586148	2.528077	1.905160	-10.111006	42.870737	0.000000	
1712	17.11000	-1.666833	-37.096215	238.583038	8.698953	2.801154	0.864107	-11.609441	42.217087	0.000000	
1713	17.12000	-0.251094	-50.881213	229.959836	7.799306	3.338633	-0.338923	-14.626384	42.343587	0.000000	
1714	17.13000	-2.454702	-56.729283	241.914637	7.488710	1.695517	-0.613647	-6.749024	39.921376	0.000000	
1715	17.14000	-4.721186	-61.366804	259.608209	7.259671	-0.600096	-0.841306	2.897754	37.005726	0.000000	
1716	17.15000	-4.256596	-68.782921	261.779279	6.846904	-0.988071	-1.594043	4.282446	36.268007	0.000000	
1717	17.16000	-3.472743	-74.599804	265.096396	6.608272	-1.655974	-2.144206	6.626335	35.798212	0.000000	
1718	17.17000	-3.098540	-78.866608	269.573778	6.361671	-2.316463	-2.559742	8.907490	34.922421	0.000000	
1719	17.18000	-2.133301	-83.474651	272.103214	6.147862	-2.912315	-2.889092	10.869000	34.494631	0.000000	
1720	17.19000	-1.505808	-88.723158	276.662706	5.845522	-3.663239	-3.254951	13.309469	33.594620	0.000000	
1721	17.20000	-0.263700	-94.495270	280.596265	5.498545	-4.558041	-3.685907	16.129893	32.714747	0.000000	
1722	17.21000	0.272499	-99.515202	284.529733	5.251052	-5.426348	-4.023838	18.879990	32.101486	0.000000	
1723	17.22000	0.920183	-103.964942	287.141366	4.948959	-6.231503	-4.375151	21.419309	31.381751	0.000000	
1724	17.23000	1.793363	-107.615009	289.140501	4.727163	-6.918383	-4.653037	23.523101	30.906538	0.000000	
1725	17.24000	2.982486	-110.625834	289.910397	4.485938	-7.451162	-4.912604	25.131375	30.412707	0.000000	
1726	17.25000	4.145416	-112.358093	290.427599	4.316985	-7.784705	-5.148681	26.072174	30.018059	0.000000	
1727	17.26000	5.217582	-114.912103	289.966597	4.137501	-8.081762	-5.417284	26.988146	29.805423	0.000000	
1728	17.27000	5.901664	-117.170941	288.803110	3.903110	-8.262091	-5.694335	27.625684	29.433816	0.000000	
1729	17.28000	6.586142	-119.406327	288.081829	3.749602	-8.414836	-5.921121	28.128950	29.291197	0.000000	
1730	17.29000	6.700475	-121.324328	286.125191	3.531830	-8.469247	-6.137651	28.496284	29.006474	0.000000	
1731	17.30000	6.655371	-123.150779	283.809309	3.368737	-8.595853	-6.340112	29.182607	28.934441	0.000000	
1732	17.31000	5.815165	-124.271874	282.820509	3.198488	-8.814712	-6.481335	30.179668	28.596584	0.000000	
1733	17.32000	4.998942	-125.484360	281.471071	3.045977	-9.160200	-6.549056	31.670303	28.369482	0.000000	
1734	17.33000	4.158843	-125.828792	281.724024	2.976170	-9.397003	-6.611993	32.603392	28.145377	0.000000	
1735	17.34000	3.660727	-126.492292	281.355919	2.913634	-9.633237	-6.611321	33.557779	28.056443	0.000000	
1736	17.35000	3.455990	-126.241915	280.997463	2.887651	-9.760450	-6.610617	34.083091	27.964292	0.000000	
1737	17.36000	4.093334	-125.738583	280.373267	2.915108	-9.958750	-6.514464	34.774257	28.052808	0.000000	
1738	17.37000	4.684087	-124.733468	279.220129	2.933745	-10.157285	-6.404065	35.543604	28.091518	0.000000	
1739	17.38000	5.683352	-122.951155	278.424482	2.989799	-10.400550	-6.275348	36.373566	28.114724	0.000000	
1740	17.39000	6.338394	-120.073887	276.746727	3.047579	-10.653427	-6.182029	37.412618	28.075079	0.000000	
1741	17.40000	6.948144	-116.762908	276.134117	3.133417	-10.906510	-6.065544	38.322794	27.962472	0.000000	
1742	17.41000	7.487061	-112.172619	276.594121	3.356186	-11.014403	-5.934854	38.569752	28.046408	0.000000	
1743	17.42000	7.567656	-105.596488	278.125865	3.699648	-11.068482	-5.793377	38.539166	28.163475	0.000000	
1744	17.43000	7.467164	-99.798383	277.620526	3.948655	-11.032696	-5.569366	38.495390	28.264452	0.000000	
1745	17.44000	7.049743	-94.983323	274.892273	4.158030	-11.033434	-5.253522	38.943320	28.600766	0.000000	
1746	17.45000	6.882588	-90.625426	271.815131	4.230916	-10.953092	-5.002400	39.115311	28.547864	0.000000	
1747	17.46000	6.603184	-87.271705	268.647204	4.355172	-10.745589	-4.706208	38.848204	28.846594	0.000000	
1748	17.47000	6.347020	-84.237233	266.273938	4.444837	-10.592430	-4.501984	38.659691	28.982576	0.000000	
1749	17.48000	6.386652	-81.612189	264.167363	4.596791	-10.347757	-4.307888	38.036897	29.389779	0.000000	
1750	17.49000	6.472340	-78.804177	263.477862	4.750658	-10.157504	-4.150491	37.401541	29.619289	0.000000	
1751	17.50000	6.558812	-76.225348	262.968805	4.831342	-9.913510	-3.984026	36.533039	29.586237	0.000000	
1752	17.51000	6.122624	-73.715371	262.182671	4.967543	-9.841705	-3.812171	36.436733	29.807293	0.000000	
1753	17.52000	5.778665	-72.095517	261.750913	5.066337	-9.688307	-3.677850	35.964414	29.983473	0.000000	
1754	17.53000	5.300400	-71.322068	260.961776	5.019289	-9.581186	-3.543571	35.737579	29.775167	0.000000	
1755	17.54000	4.755378	-71.438024	260.339929	5.017445	-9.554928	-3.441945	35.807472	29.858630	0.000000	
1756	17.55000	4.231877	-71.142929	259.275287	5.016626	-9.573865	-3.367494	36.110174	29.934147	0.000000	
1757	17.56000	3.845317	-71.281554	258.212828	4.978578	-9.520337	-3.307326	36.112884	29.934070	0.000000	
1758	17.57000	3.345784	-71.191206	259.007334	5.006276	-9.548204	-3.274558	36.187560	29.933302	0.000000	
1759	17.58000	3.483294	-70.985746	260.072911	5.015337	-9.539269	-3.219648	35.982837	29.811125	0.000000	
1760	17.59000	3.098947	-70.985988	262.105293	5.097648	-9.603014	-3.150547	36.005401	29.889710	0.000000	
1761	17.60000	3.101510	-70.985709	264.315421	5.135408	-9.720834	-3.109351	36.148424	29.777924	0.000000	
1762	17.61000	3.102505	-70.803078	265.376865	5.145594	-9.793433	-3.090879	36.276644	29.667016	0.000000	
1763	17.62000	3.489889	-70.596525	265.907584	5.199947	-9.847068	-3.031666	36.346473	29.779548	0.000000	
1764	17.63000	3.441571	-68.884001	265.911766	5.301784	-9.901259	-2.989216	36.557073	29.900478	0.000000	
1765	17.64000	3.803120	-67.102354	266.449902	5.385743	-9.964192	-2.942673	36.664015	29.882490	0.000000	
1766	17.65000	4.187384	-65.207406	265.481326	5.440957	-10.063531	-2.808650	37.113733	29.911630	0.000000	
1767	17.66000	4.842791	-62.991978	264.163271	5.505571	-10.098979	-2.725318	37.333096	29.967642	0.000000	
1768	17.67000	5.065421	-60.822666	262.397978	5.588922	-10.170900	-2.678104	37.824913	30.154891	0.000000	
1769	17.68000	5.220314	-58.585867	260.460030	5.652340	-10.152785	-2.543627	38.013778	30.278105	0.000000	
1770	17.69000	5.055167	-55.138898	260.029320	5.800906	-10.198305	-2.449384	38.277847	30.362136	0.000000	
1771	17.70000	4.822681	-52.240974	258.356940	5.874938	-10.235202	-2.309306	38.705976	30.393277	0.000000	
1772	17.71000	4.543294	-48.862851	257.131372	6.039825	-10.181151	-2.173756	38.725110	30.648476	0.000000	
1773	17.72000	4.491556	-45.804502	254.754734	6.157706	-10.108851	-2.006443	38.812245	30.914757	0.000000	
1774	17.73000	4.782886	-43.316346	253.529470	6.230400	-10.045437	-1.862935	38.703763	30.954996	0.000000	
1775	17.74000	5.118230	-41.147007	250.617938	6.329420	-9.972213	-1.765519	38.808650	31.364652	0.000000	
1776	17.75000	5.452197	-38.544055	248.156045	6.402316	-9.817798	-1.727556	38.518263	31.549090	0.000000	
1777	17.76000	5.674456	-36.261023	246.489120	6.501366	-9.663564	-1.611772	38.117435	31.791888	0.000000	
1778	17.77000	5.714839	-34.069588	245.263341	6.574515	-9.545880	-1.555409	37.822188	31.888927	0.000000	
1779	17.78000	5.529318	-31.992526	244.918463	6.684287	-9.500841	-1.457570	37.722530	32.038376	0.000000	
1780	17.79000	5.070832	-29.938750	244.391052	6.777296	-9.564774	-1.400490	38.142064	32.147990	0.000000	
1781	17.80000	4.931099	-28.158938	243.513417	6.814552	-9.556197	-1.330221	38.268164	32.122012	0.000000	
1782	17.81000	4.860053	-26.857746	242.720299	6.870034	-9.574294	-1.301689	38.480153	32.239653	0.000000	
1783	17.82000	5.061536	-25.830455	240.510928	6.878649	-9.564939	-1.264358	38.762117	32.403290	0.000000	
1784	17.83000	5.059464	-25.397371	238.742572	6.832929	-9.547032	-1.268422	38.975703	32.382260	0.000000	
1785	17.84000	5.558851	-25.235973	237.944758	6.878057	-9.582100	-1.268942	39.169034	32.654815	0.000000	
1786	17.85000	5.945307	-25.097808	238.565990	6.888247	-9.608672	-1.310699	39.112231	32.587518	0.000000	
1787	17.86000	6.037446	-25.599806	238.563229	6.887336	-9.617494	-1.292804	39.133980	32.669548	0.000000	
1788	17.87000	5.946894	-25.850684	239.003212	6.897020	-9.644596	-1.329593	39.190442	32.691527	0.000000	
1789	17.88000	5.810799	-26.261727	239.001384	6.887686	-9.626563	-1.357243	39.138419	32.722577	0.000000	
1790	17.89000	5.698910	-27.106998	239.084327	6.815080	-9.690320	-1.389594	39.410466	32.550941	0.000000	
1791	17.90000	5.678532	-28.476092	240.052990	6.805336	-9.662853	-1.454882	39.139848	32.608381	0.000000	
1792	17.91000	5.339694	-29.936617	241.282050	6.806203	-9.717059	-1.579401	39.221395	32.688875	0.000000	
1793	17.92000	5.161869	-32.425208	241.802935	6.704686	-9.699091	-1.677164	39.092136	32.615415	0.000000	
1794	17.93000	4.803409	-35.211208	242.319557	6.593625	-9.735766	-1.733499	39.219896	32.553318	0.000000	
1795	17.94000	4.422676	-38.271388	243.103171	6.455024	-9.727363	-1.803797	39.122026	32.387709	0.000000	
1796	17.95000	4.064359	-41.513477	244.152912	6.352613	-9.664235	-1.911134	38.754211	32.365918	0.000000	
1797	17.96000	3.842832	-44.549948	245.825335	6.259322	-9.582978	-1.991070	38.195571	32.264099	0.000000	
1798	17.97000	3.324574	-46.787611	247.850106	6.213589	-9.601590	-2.079213	38.042312	32.178119	0.000000	
1799	17.98000	3.055418	-48.728562	249.347388	6.104988	-9.620264	-2.204025	37.931694	31.862150	0.000000	
1800	17.99000	2.627168	-50.919893	250.840068	6.086524	-9.638391	-2.319796	37.846671	31.950419	0.000000	
1801	18.00000	2.698885	-52.631784	252.605943	5.987236	-9.647580	-2.444954	37.605880	31.605350	0.000000	
1802	18.01000	2.587788	-53.841283	253.748122	5.969727	-9.728958	-2.519039	37.774409	31.585161	0.000000	
1803	18.02000	2.498882	-55.370375	254.094379	5.932988	-9.737768	-2.616317	37.771607	31.641177	0.000000	
1804	18.03000	2.500236	-56.260478	254.710191	5.879207	-9.764939	-2.708642	37.786374	31.494114	0.000000	
1805	18.04000	2.729229	-57.469725	254.615513	5.815523	-9.809770	-2.796800	37.940027	31.448806	0.000000	
1806	18.05000	2.912670	-58.291482	254.789310	5.734061	-9.855037	-2.857078	38.062469	31.238243	0.000000	
1807	18.06000	3.049394	-58.655875	255.142527	5.752226	-9.836443	-2.898910	37.914925	31.323421	0.000000	
1808	18.07000	3.117200	-58.518135	256.383529	5.754564	-9.854421	-2.999953	37.790041	31.156398	0.000000	
1809	18.08000	3.389857	-58.814017	256.029035	5.754208	-9.835701	-3.037231	37.726207	31.245859	0.000000	
1810	18.09000	3.480149	-58.356456	258.072946	5.801447	-9.744999	-3.106260	37.060543	31.105005	0.000000	
1811	18.10000	3.503150	-58.287927	258.783666	5.801782	-9.717939	-3.110932	36.850166	31.008581	0.000000	
1812	18.11000	3.480565	-58.858837	257.896687	5.773135	-9.672602	-3.120412	36.805193	31.095982	0.000000	
1813	18.12000	3.617815	-59.407477	256.833563	5.680879	-9.663796	-3.102366	36.902182	30.954566	0.000000	
1814	18.13000	3.593827	-59.453371	255.685703	5.670326	-9.555106	-3.102395	36.647251	31.062055	0.000000	
1815	18.14000	3.707476	-59.613378	254.891645	5.659211	-9.464482	-3.052212	36.388242	31.142452	0.000000	
1816	18.15000	3.637821	-59.317332	253.922977	5.631020	-9.365214	-3.038141	36.147842	31.105013	0.000000	
1817	18.16000	3.407776	-58.678430	252.596324	5.658410	-9.338108	-3.051127	36.268173	31.277019	0.000000	
1818	18.17000	3.337574	-57.880236	251.627004	5.631523	-9.320438	-3.036593	36.349579	31.163971	0.000000	
1819	18.18000	3.016264	-57.059221	250.036182	5.649558	-9.275502	-3.026368	36.454293	31.304569	0.000000	
1820	18.19000	2.854504	-55.781513	249.600476	5.668615	-9.239763	-2.997766	36.401330	31.228635	0.000000	
1821	18.20000	2.739062	-55.142725	248.984346	5.677864	-9.203766	-2.987998	36.366043	31.240243	0.000000	
