NO_OF_SAMPLES	441
FREQUENCY	100
TIME_STAMP	2020-11-06, 17:06:58	195597.16557433
FIRST_SAMPLE	544
DESCRIPTION	Force data in local (force plate) coordinates
DATA_INCLUDED	Force
FORCE_PLATE_TYPE	Amti
FORCE_PLATE_MODEL	Unknown
FORCE_PLATE_NAME	Force-plate 2
FORCE_PLATE_CORNER_POSX_POSY_X	517.924011
FORCE_PLATE_CORNER_POSX_POSY_Y	474.072998
FORCE_PLATE_CORNER_POSX_POSY_Z	0.000000
FORCE_PLATE_CORNER_NEGX_POSY_X	519.979004
FORCE_PLATE_CORNER_NEGX_POSY_Y	17.014200
FORCE_PLATE_CORNER_NEGX_POSY_Z	0.000000
FORCE_PLATE_CORNER_NEGX_NEGY_X	17.079901
FORCE_PLATE_CORNER_NEGX_NEGY_Y	17.752501
FORCE_PLATE_CORNER_NEGX_NEGY_Z	0.000000
FORCE_PLATE_CORNER_POSX_NEGY_X	16.074800
FORCE_PLATE_CORNER_POSX_NEGY_Y	475.464996
FORCE_PLATE_CORNER_POSX_NEGY_Z	0.000000
FORCE_PLATE_LENGTH	508.000000
FORCE_PLATE_WIDTH	463.550000
Sample	Time	Force_X	Force_Y	Force_Z	Moment_X	Moment_Y	Moment_Z	COP_X	COP_Y	COP_Z
544	5.43000	1.912027	1.530205	687.434247	-25.904288	5.497884	0.173583	-8.541111	-38.127501	0.000000	
545	5.44000	1.957912	1.575817	687.791910	-25.922072	5.433932	0.178115	-8.446589	-38.136376	0.000000	
546	5.45000	1.913586	1.552628	688.238037	-25.858303	5.443456	0.155259	-8.452648	-38.017880	0.000000	
547	5.46000	1.843716	1.575998	687.879847	-25.903620	5.388687	0.146242	-8.373128	-38.104733	0.000000	
548	5.47000	1.842239	1.690364	687.432215	-25.921782	5.388753	0.146178	-8.378308	-38.162410	0.000000	
549	5.48000	1.751954	1.689811	687.879306	-25.948834	5.379190	0.141818	-8.353974	-38.177133	0.000000	
550	5.49000	1.705726	1.712692	687.431373	-25.903566	5.388722	0.141893	-8.370303	-38.137261	0.000000	
551	5.50000	1.704939	1.781298	687.162542	-25.894490	5.398047	0.137251	-8.386933	-38.142841	0.000000	
552	5.51000	1.682710	1.735719	687.609669	-25.921417	5.334034	0.128194	-8.287367	-38.154771	0.000000	
553	5.52000	1.703750	1.895971	687.071332	-25.875771	5.289208	0.118896	-8.229510	-38.127311	0.000000	
554	5.53000	1.680834	1.895931	687.071589	-25.903099	5.316333	0.114332	-8.267648	-38.167070	0.000000	
555	5.54000	1.702803	1.964613	686.802829	-25.893979	5.307445	0.114247	-8.259056	-38.172601	0.000000	
556	5.55000	1.681233	1.963817	686.981895	-25.857707	5.325545	0.137279	-8.282104	-38.109898	0.000000	
557	5.56000	1.680791	1.941387	687.161336	-25.939297	5.288603	0.128126	-8.226268	-38.217464	0.000000	
558	5.57000	1.680574	1.805023	687.072630	-25.966844	5.325040	0.109763	-8.280293	-38.254481	0.000000	
559	5.58000	1.727300	1.804634	687.699502	-26.011931	5.269742	0.128107	-8.195456	-38.285472	0.000000	
560	5.59000	1.704556	1.872830	687.878222	-26.038904	5.223852	0.137367	-8.125399	-38.318809	0.000000	
561	5.60000	1.727990	1.781815	688.325771	-26.065928	5.169005	0.128214	-8.042082	-38.328079	0.000000	
562	5.61000	1.636803	1.668034	688.504888	-26.120501	5.186951	0.096288	-8.060852	-38.390831	0.000000	
563	5.62000	1.726662	1.646218	688.236899	-26.156778	5.132398	0.091516	-7.989796	-38.457080	0.000000	
564	5.63000	1.704403	1.577362	687.879506	-26.093574	5.150810	0.123749	-8.019192	-38.380976	0.000000	
565	5.64000	1.770440	1.510402	687.254266	-26.175445	5.086956	0.119040	-7.937039	-38.530788	0.000000	
566	5.65000	1.771874	1.441409	687.702311	-26.184633	5.132156	0.123648	-7.997959	-38.515251	0.000000	
567	5.66000	1.839348	1.419423	687.702639	-26.238943	5.068279	0.114349	-7.909009	-38.592922	0.000000	
568	5.67000	1.839970	1.327952	687.883002	-26.293744	5.131477	0.118941	-7.998957	-38.657227	0.000000	
569	5.68000	1.930768	1.282774	687.794582	-26.330096	5.085707	0.137162	-7.938681	-38.712366	0.000000	
570	5.69000	1.862285	1.282607	687.705051	-26.339245	5.094678	0.137312	-7.948708	-38.730655	0.000000	
571	5.70000	1.929590	1.374363	687.615437	-26.375262	5.021723	0.141761	-7.847517	-38.793390	0.000000	
572	5.71000	1.793006	1.374094	687.883358	-26.420505	5.012186	0.123710	-7.822796	-38.844174	0.000000	
573	5.72000	1.747613	1.350985	687.884039	-26.456868	4.984325	0.146830	-7.779638	-38.895651	0.000000	
574	5.73000	1.950979	1.329611	687.347848	-26.456987	4.957605	0.141761	-7.758369	-38.924640	0.000000	
575	5.74000	1.950387	1.398293	687.436875	-26.492930	4.875420	0.141796	-7.637834	-38.975941	0.000000	
576	5.75000	1.995975	1.375463	687.438056	-26.538609	4.938827	0.146247	-7.732718	-39.040989	0.000000	
577	5.76000	2.086612	1.330565	687.348765	-26.538545	4.893548	0.141486	-7.673084	-39.043300	0.000000	
578	5.77000	2.017720	1.284920	687.081399	-26.602250	4.847327	0.169267	-7.604607	-39.148408	0.000000	
579	5.78000	2.063913	1.262214	687.708014	-26.665434	4.783044	0.164642	-7.507293	-39.203612	0.000000	
580	5.79000	1.996067	1.238885	687.798036	-26.692798	4.800771	0.178591	-7.528181	-39.236951	0.000000	
581	5.80000	2.041938	1.239320	688.423572	-26.719605	4.773525	0.137157	-7.484830	-39.240587	0.000000	
582	5.81000	2.040821	1.148679	687.977549	-26.783497	4.764074	0.146375	-7.475599	-39.353378	0.000000	
583	5.82000	1.994614	1.034955	687.710486	-26.856446	4.754415	0.155716	-7.461593	-39.467960	0.000000	
584	5.83000	2.084745	0.990398	687.621124	-26.883650	4.736490	0.127949	-7.441699	-39.510006	0.000000	
585	5.84000	2.084699	1.058612	687.710671	-26.910773	4.727070	0.137125	-7.427087	-39.548327	0.000000	
586	5.85000	2.153163	0.967805	687.800818	-26.928914	4.681459	0.141635	-7.363851	-39.564269	0.000000	
587	5.86000	2.039843	0.784812	687.623894	-26.984027	4.735290	0.169508	-7.437305	-39.643827	0.000000	
588	5.87000	2.061783	0.694387	687.355692	-26.993210	4.708215	0.155711	-7.401930	-39.667237	0.000000	
589	5.88000	2.153109	0.626373	687.445532	-26.984192	4.717571	0.146328	-7.419960	-39.645010	0.000000	
590	5.89000	2.130558	0.512415	687.715389	-27.084246	4.734980	0.141825	-7.441217	-39.768431	0.000000	
591	5.90000	2.243630	0.581289	687.447219	-27.084239	4.726069	0.150720	-7.437589	-39.787817	0.000000	
592	5.91000	2.221185	0.513005	687.715565	-27.102282	4.698641	0.137041	-7.393662	-39.794682	0.000000	
593	5.92000	2.220833	0.581634	687.893764	-27.120096	4.653088	0.123263	-7.325619	-39.814364	0.000000	
594	5.93000	2.039055	0.512425	687.625424	-27.093190	4.680218	0.142075	-7.357154	-39.786594	0.000000	
595	5.94000	2.084590	0.580834	687.714688	-27.092968	4.643756	0.151165	-7.305893	-39.785146	0.000000	
596	5.95000	2.084281	0.444349	687.357751	-27.093460	4.698547	0.146569	-7.389158	-39.798368	0.000000	
597	5.96000	2.085217	0.489847	687.892648	-27.020325	4.671864	0.114416	-7.345013	-39.664035	0.000000	
598	5.97000	2.061750	0.649446	687.801908	-27.001891	4.662995	0.105215	-7.331661	-39.651732	0.000000	
599	5.98000	2.176352	0.626528	687.802481	-26.956602	4.672338	0.127936	-7.351925	-39.584515	0.000000	
600	5.99000	2.177455	0.625934	687.891515	-26.875080	4.763911	0.123277	-7.484216	-39.460894	0.000000	
601	6.00000	2.087561	0.579517	688.160057	-26.866043	4.772678	0.137304	-7.488961	-39.429795	0.000000	
602	6.01000	2.156166	0.670605	688.159200	-26.793283	4.791486	0.137095	-7.520300	-39.329424	0.000000	
603	6.02000	2.133172	0.784442	687.889145	-26.693245	4.783156	0.137101	-7.509633	-39.205939	0.000000	
604	6.03000	2.134580	0.829160	688.246924	-26.656943	4.846862	0.146244	-7.598598	-39.135604	0.000000	
605	6.04000	2.021308	0.942235	687.976425	-26.502542	4.875074	0.155632	-7.635817	-38.933020	0.000000	
606	6.05000	2.044829	1.033092	688.333256	-26.456896	4.902721	0.141746	-7.673618	-38.852005	0.000000	
607	6.06000	2.090822	1.101425	688.331672	-26.338700	4.921951	0.127811	-7.704253	-38.684364	0.000000	
608	6.07000	2.000232	1.328255	688.330131	-26.265815	4.940282	0.150905	-7.725619	-38.591788	0.000000	
609	6.08000	2.068606	1.283014	687.881642	-26.111578	4.941682	0.146153	-7.736399	-38.389858	0.000000	
610	6.09000	1.955689	1.373311	687.879404	-25.966197	4.988112	0.137160	-7.797332	-38.183903	0.000000	
611	6.10000	1.842675	1.509179	687.876802	-25.811636	5.025506	0.128155	-7.845128	-37.967280	0.000000	
612	6.11000	1.889557	1.553815	687.787473	-25.712016	5.098716	0.164749	-7.955269	-37.829929	0.000000	
613	6.12000	2.002109	1.805286	687.247555	-25.539214	5.137096	0.127563	-8.023598	-37.622613	0.000000	
614	6.13000	2.002965	1.895766	687.067281	-25.393882	5.147034	0.150500	-8.040105	-37.426151	0.000000	
615	6.14000	2.140019	2.032429	686.976763	-25.275762	5.193548	0.154687	-8.116822	-37.267078	0.000000	
616	6.15000	2.003858	2.168342	686.705642	-25.103099	5.212849	0.154933	-8.140005	-37.038157	0.000000	
617	6.16000	1.935115	2.350514	686.434530	-24.975703	5.223035	0.136618	-8.153869	-36.877704	0.000000	
618	6.17000	1.913082	2.486435	686.523298	-24.921177	5.277799	0.150371	-8.231353	-36.801505	0.000000	
619	6.18000	1.960153	2.417698	686.791172	-24.821273	5.287541	0.150298	-8.245247	-36.637808	0.000000	
620	6.19000	1.870146	2.553667	687.236207	-24.730205	5.370135	0.113641	-8.355113	-36.489740	0.000000	
621	6.20000	1.758102	2.597872	687.682968	-24.684657	5.378951	0.136886	-8.356246	-36.402610	0.000000	
622	6.21000	1.736070	2.733953	687.950334	-24.639138	5.452019	0.127648	-8.458093	-36.330373	0.000000	
623	6.22000	1.737600	2.801442	688.128065	-24.511869	5.461730	0.146011	-8.470222	-36.140068	0.000000	
624	6.23000	1.758290	2.847856	687.412671	-24.548485	5.498310	0.136690	-8.533009	-36.233285	0.000000	
625	6.24000	1.714614	2.869601	687.948876	-24.493838	5.516498	0.145990	-8.550585	-36.127155	0.000000	
626	6.25000	1.873086	2.870606	687.590829	-24.448622	5.572089	0.117982	-8.644911	-36.080081	0.000000	
627	6.26000	1.781188	3.007035	687.232407	-24.448580	5.562814	0.136520	-8.630331	-36.106618	0.000000	
628	6.27000	1.757379	2.916696	686.963617	-24.448735	5.581522	0.095215	-8.659381	-36.115555	0.000000	
629	6.28000	1.645415	2.938100	687.589949	-24.457669	5.589887	0.118475	-8.657517	-36.097223	0.000000	
630	6.29000	1.689454	2.984364	687.232663	-24.521340	5.598816	0.113730	-8.677358	-36.211156	0.000000	
631	6.30000	1.735894	2.870364	687.591454	-24.548636	5.598543	0.113683	-8.675370	-36.225489	0.000000	
632	6.31000	1.757449	2.893546	687.144924	-24.594364	5.653051	0.113561	-8.761311	-36.316701	0.000000	
633	6.32000	1.780915	2.847810	687.323989	-24.576181	5.643986	0.118137	-8.747322	-36.278207	0.000000	
634	6.33000	1.757958	2.779692	687.593133	-24.667067	5.679901	0.090618	-8.794960	-36.392350	0.000000	
635	6.34000	1.712999	2.847670	688.129570	-24.712011	5.615550	0.095361	-8.692303	-36.433535	0.000000	
636	6.35000	1.643689	2.597516	687.684379	-24.812641	5.678780	0.081765	-8.785552	-36.588623	0.000000	
637	6.36000	1.461461	2.642442	687.594207	-24.812537	5.642000	0.095988	-8.722520	-36.595846	0.000000	
638	6.37000	1.574403	2.597662	687.416495	-24.876321	5.669202	0.086517	-8.770829	-36.695389	0.000000	
639	6.38000	1.619692	2.461389	687.328269	-24.921995	5.678138	0.081857	-8.787545	-36.758548	0.000000	
640	6.39000	1.595915	2.461779	687.329196	-25.040073	5.677386	0.072714	-8.785052	-36.930314	0.000000	
641	6.40000	1.551129	2.324662	687.599113	-25.112951	5.694803	0.082065	-8.804488	-37.013944	0.000000	
642	6.41000	1.642001	2.028949	687.334214	-25.222772	5.766992	0.091097	-8.918049	-37.170583	0.000000	
643	6.42000	1.550453	2.097259	687.602461	-25.313282	5.729816	0.082125	-8.855329	-37.291839	0.000000	
644	6.43000	1.598040	1.800604	688.231218	-25.377166	5.738130	0.095944	-8.862487	-37.333620	0.000000	
645	6.44000	1.733354	1.801520	687.964191	-25.459099	5.765232	0.090994	-8.913048	-37.467122	0.000000	
646	6.45000	1.618816	1.664794	687.607671	-25.532261	5.810203	0.091267	-8.976162	-37.584785	0.000000	
647	6.46000	1.687570	1.664816	687.966164	-25.577514	5.791596	0.095730	-8.948674	-37.631163	0.000000	
648	6.47000	1.710478	1.550877	687.967850	-25.641512	5.863986	0.095667	-9.055214	-37.717451	0.000000	
649	6.48000	1.620192	1.527362	688.236744	-25.677868	5.872442	0.109683	-9.058865	-37.754307	0.000000	
650	6.49000	1.596094	1.345950	687.700810	-25.714611	5.872567	0.091401	-9.064364	-37.826295	0.000000	
651	6.50000	1.550793	1.322747	687.611919	-25.723925	5.908727	0.105277	-9.115423	-37.843330	0.000000	
652	6.51000	1.504150	1.323194	687.253614	-25.724111	5.954596	0.077755	-9.183970	-37.863171	0.000000	
653	6.52000	1.414044	1.322450	687.611370	-25.733071	5.945051	0.087183	-9.160276	-37.856643	0.000000	
654	6.53000	1.482536	1.322524	687.701295	-25.742298	6.008850	0.077785	-9.255903	-37.865160	0.000000	
655	6.54000	1.391293	1.413321	687.431419	-25.660568	6.036740	0.073336	-9.294611	-37.766295	0.000000	
656	6.55000	1.436433	1.595753	687.430024	-25.614971	6.091969	0.050132	-9.377607	-37.710691	0.000000	
657	6.56000	1.459530	1.800578	687.696612	-25.550988	6.110683	0.036204	-9.402699	-37.615125	0.000000	
658	6.57000	1.482794	1.936882	687.874809	-25.514438	6.119902	0.045290	-9.415134	-37.560290	0.000000	
659	6.58000	1.391820	2.050328	687.694091	-25.414516	6.166129	0.036226	-9.479406	-37.431388	0.000000	
660	6.59000	1.347960	2.026583	687.962037	-25.332864	6.211914	0.045514	-9.539875	-37.296875	0.000000	
661	6.60000	1.505886	2.255356	687.602786	-25.278181	6.249328	0.022025	-9.608264	-37.250001	0.000000	
662	6.61000	1.483085	2.391348	687.334853	-25.278444	6.330973	0.054129	-9.729294	-37.272706	0.000000	
663	6.62000	1.483975	2.550542	687.779626	-25.168891	6.313585	0.031114	-9.698053	-37.098837	0.000000	
664	6.63000	1.439160	2.572413	687.601208	-25.132965	6.404552	0.058719	-9.830138	-37.057399	0.000000	
665	6.64000	1.415408	2.641195	687.331717	-25.105703	6.432410	0.031134	-9.872966	-37.036142	0.000000	
666	6.65000	1.392633	2.777272	686.973575	-25.051412	6.496315	0.058654	-9.969583	-36.984184	0.000000	
667	6.66000	1.347115	2.799809	686.973564	-25.060598	6.541733	0.054120	-10.033036	-36.998873	0.000000	
668	6.67000	1.324625	2.799448	687.063720	-25.097098	6.595962	0.058733	-10.109392	-37.047168	0.000000	
669	6.68000	1.439250	2.799264	687.243550	-25.097135	6.604918	0.081450	-10.126584	-37.037611	0.000000	
670	6.69000	1.348759	2.730642	687.780592	-25.169725	6.631643	0.054109	-10.152591	-37.110507	0.000000	
671	6.70000	1.348978	2.776068	688.138771	-25.233010	6.585461	0.063330	-10.080433	-37.185990	0.000000	
672	6.71000	1.328195	2.570061	688.857278	-25.351432	6.647813	0.081831	-10.159674	-37.307483	0.000000	
673	6.72000	1.258956	2.547240	688.231644	-25.360880	6.656766	0.104953	-10.177488	-37.353472	0.000000	
674	6.73000	1.190236	2.479039	688.232010	-25.415494	6.674678	0.086739	-10.199502	-37.428829	0.000000	
675	6.74000	1.302139	2.412014	687.606841	-25.470137	6.610985	0.091118	-10.122282	-37.538092	0.000000	
676	6.75000	1.143492	2.229124	687.786769	-25.524872	6.610239	0.096168	-10.109407	-37.597275	0.000000	
677	6.76000	1.210537	2.184148	687.161866	-25.561550	6.601009	0.118992	-10.108691	-37.681892	0.000000	
678	6.77000	1.051622	1.978570	687.163101	-25.616398	6.600289	0.128641	-10.098345	-37.749636	0.000000	
679	6.78000	1.118566	1.956441	686.717302	-25.698359	6.581621	0.146871	-10.081348	-37.891970	0.000000	
680	6.79000	1.118457	1.865367	686.718686	-25.771206	6.581020	0.156100	-10.080447	-37.992653	0.000000	
681	6.80000	1.118470	1.592337	686.631104	-25.835093	6.525912	0.165439	-10.001420	-38.074539	0.000000	
682	6.81000	1.209016	1.660805	686.632837	-25.944263	6.588856	0.178938	-10.098357	-38.237439	0.000000	
683	6.82000	1.142319	1.500512	687.260690	-26.026046	6.569530	0.197586	-10.057511	-38.312469	0.000000	
684	6.83000	1.119431	1.500579	687.439735	-26.071435	6.596600	0.179238	-10.093047	-38.368615	0.000000	
685	6.84000	1.164322	1.409974	687.261927	-26.126160	6.605513	0.174556	-10.111136	-38.452786	0.000000	
686	6.85000	1.095630	1.364512	687.351815	-26.198789	6.586766	0.165556	-10.078586	-38.550814	0.000000	
687	6.86000	1.095071	1.410159	687.173164	-26.226029	6.568310	0.179334	-10.054204	-38.603051	0.000000	
688	6.87000	1.208791	1.342261	687.353750	-26.316988	6.595126	0.174482	-10.097329	-38.721369	0.000000	
689	6.88000	1.118292	1.410125	687.800256	-26.334635	6.503584	0.183946	-9.952680	-38.726081	0.000000	
690	6.89000	1.049656	1.387325	687.979919	-26.434587	6.530162	0.170309	-9.984821	-38.860013	0.000000	
691	6.90000	1.164357	1.250764	688.249596	-26.452833	6.511795	0.179314	-9.961080	-38.863474	0.000000	
692	6.91000	1.162799	1.114832	687.624882	-26.525928	6.502401	0.183947	-9.955985	-38.996825	0.000000	
693	6.92000	1.163450	1.341958	688.161210	-26.561812	6.510892	0.197658	-9.960938	-39.032101	0.000000	
694	6.93000	1.183761	1.252077	687.267644	-26.625747	6.474457	0.197632	-9.921499	-39.170166	0.000000	
695	6.94000	1.274236	1.343564	687.088739	-26.625631	6.447228	0.211185	-9.889625	-39.185448	0.000000	
696	6.95000	1.182643	1.320739	686.999608	-26.680267	6.474147	0.202189	-9.924686	-39.268681	0.000000	
697	6.96000	1.250588	1.344017	687.088949	-26.698181	6.419537	0.197466	-9.847940	-39.291053	0.000000	
698	6.97000	1.135478	1.344358	686.640774	-26.689255	6.447204	0.170115	-9.887652	-39.303486	0.000000	
699	6.98000	1.340233	1.413312	686.730701	-26.698146	6.420019	0.178824	-9.858793	-39.315363	0.000000	
700	6.99000	1.158331	1.230670	686.820887	-26.761823	6.364615	0.183964	-9.766258	-39.392287	0.000000	
701	7.00000	1.270897	1.345444	686.821178	-26.843257	6.318775	0.179086	-9.706090	-39.517544	0.000000	
702	7.01000	1.294232	1.277118	687.179427	-26.870557	6.364211	0.156055	-9.768737	-39.532865	0.000000	
703	7.02000	1.295630	1.253917	687.894949	-26.879375	6.363994	0.142302	-9.758792	-39.503579	0.000000	
704	7.03000	1.295191	1.322305	687.895181	-26.924759	6.381884	0.142259	-9.784769	-39.573532	0.000000	
705	7.04000	1.250418	1.276386	688.163420	-26.915630	6.381812	0.137798	-9.778409	-39.542301	0.000000	
706	7.05000	1.203914	1.276812	687.984195	-26.942950	6.409220	0.110296	-9.817968	-39.592244	0.000000	
707	7.06000	1.340425	1.140805	687.806113	-26.924985	6.391420	0.110038	-9.802485	-39.568348	0.000000	
708	7.07000	1.158083	1.072041	687.627127	-26.943237	6.354596	0.119707	-9.740730	-39.601085	0.000000	
709	7.08000	1.272067	1.094975	687.627603	-26.934292	6.409431	0.119390	-9.827120	-39.589388	0.000000	
710	7.09000	1.248613	1.095215	687.448803	-26.961640	6.427580	0.110229	-9.854595	-39.639388	0.000000	
711	7.10000	1.247564	1.141434	687.358608	-26.979626	6.409583	0.082639	-9.829588	-39.673409	0.000000	
712	7.11000	1.156560	0.936264	687.091196	-26.989157	6.418539	0.087515	-9.840965	-39.690599	0.000000	
713	7.12000	1.247803	0.913685	687.181335	-27.007211	6.363720	0.105741	-9.765286	-39.710393	0.000000	
714	7.13000	1.202003	0.890924	687.181571	-27.043661	6.399945	0.092039	-9.815322	-39.762092	0.000000	
715	7.14000	1.247276	0.891219	687.092074	-27.034590	6.400161	0.087332	-9.819504	-39.754041	0.000000	
716	7.15000	1.316953	0.936236	687.718870	-27.061584	6.390525	0.105571	-9.801001	-39.760012	0.000000	
717	7.16000	1.383590	0.982724	687.092317	-27.043539	6.391112	0.096175	-9.814292	-39.772397	0.000000	
718	7.17000	1.338894	0.891154	687.361397	-27.070835	6.381543	0.105529	-9.794089	-39.791331	0.000000	
719	7.18000	1.271012	0.799731	687.361573	-27.061829	6.354103	0.114940	-9.750202	-39.772880	0.000000	
720	7.19000	1.315903	0.914016	687.271281	-27.043549	6.381831	0.096376	-9.794393	-39.758134	0.000000	
721	7.20000	1.317127	1.049881	687.807728	-27.043127	6.344924	0.123950	-9.733503	-39.734716	0.000000	
722	7.21000	1.451960	1.119481	687.360217	-27.052178	6.336349	0.105203	-9.734956	-39.777587	0.000000	
723	7.22000	1.339376	1.050338	687.897264	-27.088430	6.335701	0.105518	-9.720183	-39.795476	0.000000	
724	7.23000	1.339493	1.141254	687.896609	-27.052130	6.399751	0.096241	-9.813308	-39.748048	0.000000	
725	7.24000	1.317208	1.049948	687.986564	-27.061130	6.317473	0.119380	-9.691189	-39.750652	0.000000	
726	7.25000	1.453613	1.118566	687.807904	-27.034067	6.390743	0.118971	-9.808080	-39.725543	0.000000	
727	7.26000	1.385708	1.140780	687.807880	-27.025010	6.390511	0.137510	-9.803780	-39.713671	0.000000	
728	7.27000	1.384906	1.118261	687.450661	-27.052502	6.408622	0.142088	-9.834950	-39.772800	0.000000	
729	7.28000	1.409201	1.118123	688.254200	-26.988321	6.345350	0.114534	-9.733456	-39.633521	0.000000	
730	7.29000	1.453341	1.186914	687.807806	-27.052124	6.381472	0.123547	-9.794586	-39.755788	0.000000	
731	7.30000	1.453443	1.141453	687.807637	-27.033902	6.345196	0.123593	-9.741853	-39.726653	0.000000	
732	7.31000	1.430455	1.187299	688.164718	-27.069929	6.345150	0.086866	-9.735615	-39.761250	0.000000	
733	7.32000	1.317246	1.072676	688.165816	-27.106370	6.280590	0.128597	-9.635183	-39.807456	0.000000	
734	7.33000	1.339258	1.050456	687.807378	-27.061076	6.290378	0.110146	-9.655495	-39.760866	0.000000	
735	7.34000	1.406509	1.142357	687.806918	-27.097058	6.235779	0.096198	-9.580044	-39.818570	0.000000	
736	7.35000	1.291666	1.119703	687.448975	-27.124477	6.244765	0.087259	-9.591174	-39.877680	0.000000	
737	7.36000	1.268594	1.097437	687.626763	-27.115052	6.181356	0.055198	-9.495245	-39.852455	0.000000	
738	7.37000	1.268464	1.142820	687.627409	-27.160559	6.217348	0.064345	-9.547571	-39.921246	0.000000	
739	7.38000	1.335778	1.052844	687.358337	-27.124166	6.163548	0.032075	-9.476799	-39.878535	0.000000	
740	7.39000	1.196975	1.212611	686.731312	-27.169612	6.181592	0.023099	-9.503222	-39.990136	0.000000	
741	7.40000	1.197480	1.144125	686.821054	-27.160582	6.172467	0.027734	-9.488780	-39.967808	0.000000	
742	7.41000	1.287517	1.258693	686.552050	-27.142262	6.154694	0.022880	-9.471704	-39.963341	0.000000	
743	7.42000	1.198786	1.098122	687.447616	-27.187578	6.135569	0.032399	-9.426927	-39.968289	0.000000	
744	7.43000	1.289360	1.189608	687.358070	-27.187547	6.163095	0.027528	-9.473433	-39.978744	0.000000	
745	7.44000	1.289420	1.189764	687.626247	-27.214529	6.117392	0.018378	-9.403445	-40.002540	0.000000	
746	7.45000	1.381274	0.984943	687.806627	-27.232850	6.080825	0.027475	-9.353288	-40.006828	0.000000	
747	7.46000	1.268607	0.893295	688.342909	-27.232633	6.044172	0.014036	-9.286520	-39.970278	0.000000	
748	7.47000	1.244531	0.916523	687.895685	-27.259942	6.016789	0.018679	-9.251065	-40.037087	0.000000	
749	7.48000	1.267586	0.825331	687.896781	-27.287379	6.016487	0.032452	-9.251957	-40.071589	0.000000	
750	7.49000	1.199068	0.734335	687.717470	-27.260292	6.025936	0.014249	-9.263998	-40.037247	0.000000	
751	7.50000	1.381008	0.826035	687.807014	-27.259960	5.962332	0.027626	-9.180990	-40.036950	0.000000	
752	7.51000	1.336230	0.757014	687.718322	-27.242190	6.025930	0.046098	-9.271982	-40.012200	0.000000	
753	7.52000	1.425829	0.917575	687.627421	-27.241557	5.907956	0.032113	-9.106814	-40.025893	0.000000	
754	7.53000	1.380633	0.734942	687.360836	-27.269357	5.934814	0.059843	-9.146614	-40.071061	0.000000	
755	7.54000	1.403507	0.757703	687.450394	-27.278364	5.925602	0.064388	-9.133413	-40.080316	0.000000	
756	7.55000	1.562728	0.781145	687.629588	-27.296344	5.907539	0.054831	-9.114170	-40.097481	0.000000	
757	7.56000	1.427999	0.779997	688.344386	-27.268819	5.907272	0.050583	-9.096910	-40.016157	0.000000	
758	7.57000	1.404086	0.803141	687.897031	-27.278033	5.907362	0.050610	-9.101282	-40.056693	0.000000	
759	7.58000	1.448130	0.781401	687.269952	-27.223425	5.798867	0.050570	-8.953900	-40.012192	0.000000	
760	7.59000	1.380938	0.780454	687.359517	-27.187203	5.816887	0.078302	-8.975084	-39.954272	0.000000	
761	7.60000	1.380234	0.939997	687.269516	-27.205023	5.752913	0.096668	-8.883077	-39.994703	0.000000	
762	7.61000	1.424958	0.917988	687.090033	-27.186874	5.762618	0.064379	-8.902021	-39.977358	0.000000	
763	7.62000	1.379949	0.940228	687.089894	-27.159559	5.726049	0.092086	-8.846171	-39.938910	0.000000	
764	7.63000	1.424598	0.963518	686.642241	-27.123182	5.662711	0.105791	-8.762023	-39.913099	0.000000	
765	7.64000	1.425820	1.031248	687.178627	-27.113731	5.626008	0.119602	-8.702181	-39.872424	0.000000	
766	7.65000	1.381486	0.962144	687.447764	-27.122897	5.625521	0.142730	-8.695647	-39.866253	0.000000	
767	7.66000	1.426987	0.962525	687.446847	-27.068136	5.553214	0.138082	-8.593132	-39.786669	0.000000	
768	7.67000	1.427288	1.076181	687.624920	-27.040648	5.553332	0.138044	-8.591208	-39.743116	0.000000	
769	7.68000	1.496616	1.053523	688.250525	-27.022005	5.480644	0.124181	-8.482220	-39.678904	0.000000	
770	7.69000	1.428440	0.962276	687.981683	-26.958481	5.417243	0.138207	-8.389234	-39.596615	0.000000	
771	7.70000	1.382268	0.917370	687.890671	-26.912655	5.281217	0.120044	-8.189850	-39.532568	0.000000	
772	7.71000	1.474467	1.030739	688.158823	-26.858055	5.317829	0.138156	-8.245407	-39.444571	0.000000	
773	7.72000	1.496283	1.054276	687.889197	-26.812251	5.181790	0.138186	-8.051979	-39.394680	0.000000	
774	7.73000	1.450905	1.190605	687.977459	-26.775545	5.127196	0.152073	-7.968999	-39.344270	0.000000	
775	7.74000	1.541322	1.237042	687.796846	-26.684450	5.082825	0.124289	-7.911744	-39.224773	0.000000	
776	7.75000	1.495680	1.145895	687.438963	-26.639173	5.028423	0.142848	-7.833835	-39.173824	0.000000	
777	7.76000	1.724156	1.260237	687.795582	-26.538684	4.947362	0.146941	-7.725472	-39.014267	0.000000	
778	7.77000	1.631630	1.260823	687.167815	-26.475152	4.920865	0.124169	-7.688173	-38.957162	0.000000	
779	7.78000	1.768387	1.352394	687.345754	-26.420159	4.830328	0.128484	-7.562559	-38.872509	0.000000	
780	7.79000	1.859688	1.352904	687.433867	-26.328993	4.758399	0.114540	-7.462341	-38.734983	0.000000	
781	7.80000	1.768686	1.375432	687.432973	-26.301501	4.685555	0.123992	-7.351072	-38.696357	0.000000	
782	7.81000	1.883891	1.488941	687.700101	-26.174013	4.659002	0.142101	-7.316497	-38.502704	0.000000	
783	7.82000	1.836757	1.535587	687.429389	-26.128087	4.532348	0.105500	-7.132212	-38.453641	0.000000	
784	7.83000	1.883471	1.557551	687.340395	-26.055683	4.578020	0.146720	-7.202256	-38.354517	0.000000	
785	7.84000	1.839912	1.397688	688.144770	-26.009883	4.496217	0.128597	-7.072926	-38.234221	0.000000	
786	7.85000	1.794893	1.579381	688.142488	-25.882363	4.469636	0.137847	-7.031695	-38.059632	0.000000	
787	7.86000	1.885579	1.602859	687.872506	-25.764094	4.416245	0.123867	-6.961959	-37.903867	0.000000	
788	7.87000	1.887685	1.579073	688.229820	-25.655052	4.416605	0.146877	-6.959215	-37.724547	0.000000	
789	7.88000	1.933300	1.692913	687.870317	-25.509501	4.344739	0.174349	-6.860812	-37.539122	0.000000	
790	7.89000	1.863941	1.784258	687.421586	-25.455045	4.372695	0.156049	-6.901627	-37.489509	0.000000	
791	7.90000	1.933785	1.852147	687.777983	-25.327447	4.300535	0.174320	-6.797432	-37.288706	0.000000	
792	7.91000	1.843997	1.874158	687.775678	-25.145724	4.310800	0.169925	-6.807139	-37.025896	0.000000	
793	7.92000	1.911762	1.988552	687.595285	-25.072571	4.183938	0.183599	-6.628266	-36.935804	0.000000	
794	7.93000	2.162952	2.034724	687.862863	-24.972303	4.139443	0.178443	-6.575824	-36.778501	0.000000	
795	7.94000	2.140927	2.011598	687.862110	-24.890425	4.076078	0.196942	-6.482428	-36.658158	0.000000	
796	7.95000	2.095235	2.011592	687.682439	-24.844932	4.030849	0.201674	-6.415572	-36.601490	0.000000	
797	7.96000	2.049221	2.148383	687.411613	-24.726630	4.022805	0.183338	-6.403541	-36.451657	0.000000	
798	7.97000	2.003725	2.057286	687.142741	-24.663002	3.922990	0.201934	-6.257960	-36.367863	0.000000	
799	7.98000	2.027370	2.102879	687.408662	-24.517224	3.869558	0.178933	-6.179357	-36.144524	0.000000	
800	7.99000	2.096360	2.170832	687.318924	-24.435548	3.897323	0.201708	-6.224531	-36.034333	0.000000	
801	8.00000	2.163885	2.285601	687.137421	-24.316980	3.816709	0.173977	-6.112687	-35.877907	0.000000	
802	8.01000	2.095051	2.308431	686.509427	-24.180748	3.763111	0.183342	-6.035786	-35.713294	0.000000	
803	8.02000	2.255689	2.308636	686.955737	-24.080514	3.736698	0.169218	-6.003081	-35.544424	0.000000	
804	8.03000	2.346779	2.286474	686.954601	-23.998499	3.664743	0.155279	-5.903666	-35.423798	0.000000	
805	8.04000	2.484359	2.400306	687.311551	-23.925300	3.574064	0.177980	-5.776925	-35.305732	0.000000	
806	8.05000	2.463049	2.467801	687.668512	-23.852347	3.537743	0.201032	-5.720090	-35.185440	0.000000	
807	8.06000	2.552854	2.605595	687.308065	-23.733765	3.438991	0.177843	-5.584426	-35.039221	0.000000	
808	8.07000	2.509394	2.604584	687.933453	-23.661007	3.493858	0.168742	-5.656964	-34.901869	0.000000	
809	8.08000	2.554467	2.604768	687.396636	-23.597573	3.457899	0.196224	-5.611365	-34.836577	0.000000	
810	8.09000	2.555578	2.718279	687.841926	-23.497247	3.458599	0.177810	-5.609094	-34.675021	0.000000	
811	8.10000	2.692143	2.718703	687.663012	-23.442812	3.459207	0.182081	-5.619294	-34.604816	0.000000	
812	8.11000	2.761186	2.786806	687.931185	-23.415430	3.477540	0.186488	-5.647950	-34.555635	0.000000	
813	8.12000	2.691597	2.809893	687.035217	-23.306695	3.478562	0.186607	-5.652175	-34.443317	0.000000	
814	8.13000	2.761772	2.786397	687.572491	-23.279355	3.478387	0.209462	-5.651937	-34.375546	0.000000	
815	8.14000	2.807048	2.786905	687.571660	-23.242793	3.424251	0.195606	-5.575851	-34.322441	0.000000	
816	8.15000	2.829583	2.855415	687.660746	-23.251714	3.424285	0.186334	-5.576548	-34.335012	0.000000	
817	8.16000	2.808578	2.808999	688.197728	-23.233509	3.442253	0.195608	-5.597419	-34.279338	0.000000	
818	8.17000	2.648145	2.877209	687.749467	-23.224413	3.414917	0.200554	-5.551676	-34.292203	0.000000	
819	8.18000	2.715924	2.900593	687.838804	-23.251482	3.396789	0.182013	-5.528611	-34.328514	0.000000	
820	8.19000	2.671530	2.877112	688.107157	-23.224385	3.469643	0.177490	-5.629910	-34.274517	0.000000	
821	8.20000	2.626029	3.013197	687.927866	-23.197141	3.487753	0.205102	-5.654935	-34.251692	0.000000	
822	8.21000	2.648408	3.036325	687.927481	-23.197120	3.515329	0.182035	-5.696330	-34.253030	0.000000	
823	8.22000	2.670102	3.150674	687.568759	-23.169733	3.488405	0.181943	-5.661184	-34.237559	0.000000	
824	8.23000	2.533953	3.104606	687.747382	-23.178781	3.479009	0.177698	-5.638219	-34.239225	0.000000	
825	8.24000	2.692768	3.173453	687.569198	-23.196943	3.469907	0.195683	-5.635601	-34.278439	0.000000	
826	8.25000	2.418997	3.104661	687.389813	-23.233584	3.542455	0.164112	-5.726516	-34.336581	0.000000	
827	8.26000	2.602107	3.036292	687.570444	-23.242894	3.578748	0.186677	-5.788597	-34.337204	0.000000	
828	8.27000	2.419509	2.853678	687.214166	-23.325211	3.614355	0.196328	-5.832525	-34.463941	0.000000	
829	8.28000	2.488606	2.990378	688.107913	-23.360879	3.595930	0.168579	-5.802764	-34.479446	0.000000	
830	8.29000	2.510668	2.740081	687.574408	-23.470672	3.631537	0.196157	-5.860005	-34.650996	0.000000	
831	8.30000	2.397399	2.603032	687.843326	-23.516264	3.667528	0.178075	-5.903599	-34.695874	0.000000	
832	8.31000	2.488823	2.580193	688.113524	-23.607258	3.721430	0.187031	-5.985115	-34.813295	0.000000	
833	8.32000	2.489303	2.329752	688.204422	-23.644024	3.766825	0.168715	-6.050371	-34.847564	0.000000	
834	8.33000	2.306680	2.352059	687.935604	-23.653220	3.775652	0.173712	-6.054745	-34.875710	0.000000	
835	8.34000	2.328748	2.306848	687.757747	-23.717051	3.811769	0.169045	-6.110001	-34.974809	0.000000	
836	8.35000	2.373295	2.284573	687.310998	-23.726591	3.912253	0.150468	-6.262491	-35.009892	0.000000	
837	8.36000	2.305134	2.170666	687.669751	-23.826424	3.875004	0.141519	-6.201305	-35.130340	0.000000	
838	8.37000	2.168955	2.056029	687.581389	-23.863233	3.947284	0.151021	-6.299220	-35.181652	0.000000	
839	8.38000	2.214411	2.010682	687.671687	-23.908956	4.056490	0.123273	-6.459907	-35.240923	0.000000	
840	8.39000	2.077099	2.010535	687.851624	-24.063459	4.109938	0.105168	-6.528022	-35.456406	0.000000	
841	8.40000	2.054958	1.873529	687.942390	-24.100045	4.118566	0.119063	-6.538467	-35.496963	0.000000	
842	8.41000	2.031191	1.896590	687.853776	-24.200112	4.172625	0.105270	-6.616459	-35.648314	0.000000	
843	8.42000	2.008488	1.782541	687.765760	-24.254886	4.172055	0.123752	-6.615097	-35.725815	0.000000	
844	8.43000	1.894656	1.781989	687.856086	-24.336900	4.262331	0.119356	-6.738885	-35.840370	0.000000	
845	8.44000	1.939097	1.850780	687.677841	-24.409647	4.298423	0.114589	-6.795598	-35.959368	0.000000	
846	8.45000	1.780325	1.781511	687.678541	-24.437228	4.352448	0.128740	-6.864887	-35.995397	0.000000	
847	8.46000	1.778598	1.736711	687.322150	-24.564689	4.388263	0.114924	-6.920230	-36.196706	0.000000	
848	8.47000	1.779347	1.736227	687.680923	-24.619264	4.442290	0.119492	-6.995452	-36.257340	0.000000	
849	8.48000	1.710641	1.667600	687.414217	-24.701464	4.496139	0.138014	-7.072324	-36.386842	0.000000	
850	8.49000	1.618468	1.690494	687.146107	-24.765300	4.568669	0.119766	-7.175084	-36.495139	0.000000	
851	8.50000	1.618671	1.485580	687.237443	-24.847413	4.595408	0.115233	-7.213108	-36.597851	0.000000	
852	8.51000	1.550690	1.484733	687.239314	-24.938721	4.712737	0.138287	-7.379845	-36.730566	0.000000	
853	8.52000	1.550441	1.439393	687.329346	-24.993326	4.748915	0.119893	-7.431556	-36.802599	0.000000	
854	8.53000	1.481926	1.393518	687.330963	-25.102624	4.802563	0.129222	-7.505591	-36.958852	0.000000	
855	8.54000	1.483968	1.324005	687.869304	-25.130157	4.892907	0.152187	-7.631512	-36.966176	0.000000	
856	8.55000	1.483793	1.096009	687.425387	-25.231078	5.019553	0.175148	-7.820384	-37.123318	0.000000	
857	8.56000	1.347425	1.072984	687.782491	-25.258210	5.046695	0.138697	-7.848055	-37.142333	0.000000	
858	8.57000	1.324671	0.936233	687.784227	-25.340443	5.137188	0.129542	-7.978280	-37.253824	0.000000	
859	8.58000	1.189002	0.912479	688.232393	-25.422235	5.172535	0.139054	-8.016813	-37.347254	0.000000	
860	8.59000	1.166348	0.752956	687.964957	-25.413746	5.263765	0.129900	-8.151049	-37.339989	0.000000	
861	8.60000	1.166333	0.775792	688.143828	-25.440873	5.263600	0.120704	-8.148802	-37.371129	0.000000	
862	8.61000	1.278494	0.776775	687.339014	-25.414210	5.382835	0.097334	-8.337860	-37.375736	0.000000	
863	8.62000	1.143440	0.638937	687.608285	-25.423451	5.363912	0.129912	-8.299361	-37.366633	0.000000	
864	8.63000	1.120034	0.730163	687.428725	-25.414397	5.409663	0.116097	-8.366604	-37.368455	0.000000	
865	8.64000	1.029022	0.661822	687.427838	-25.378054	5.400915	0.093362	-8.348575	-37.311645	0.000000	
866	8.65000	1.005866	0.752543	687.160247	-25.414711	5.491552	0.111687	-8.482206	-37.384680	0.000000	
867	8.66000	0.983076	0.798116	687.248917	-25.396395	5.491752	0.097936	-8.480128	-37.355912	0.000000	
868	8.67000	1.005657	0.775250	686.802126	-25.360411	5.519280	0.120839	-8.526765	-37.326253	0.000000	
869	8.68000	1.007186	0.774551	687.338862	-25.342166	5.555582	0.120833	-8.573348	-37.270798	0.000000	
870	8.69000	1.120972	0.592912	687.250898	-25.369779	5.582992	0.111422	-8.620918	-37.305095	0.000000	
871	8.70000	1.031776	0.614623	687.696695	-25.260593	5.592521	0.111640	-8.624260	-37.123640	0.000000	
872	8.71000	1.054999	0.659856	687.786314	-25.251556	5.628885	0.120738	-8.677420	-37.108348	0.000000	
873	8.72000	1.054941	0.660113	687.874936	-25.224164	5.620177	0.097765	-8.663695	-37.063807	0.000000	
874	8.73000	0.964851	0.681794	687.875215	-25.197216	5.701887	0.120894	-8.777221	-37.025881	0.000000	
875	8.74000	0.941979	0.681722	687.785788	-25.197263	5.701842	0.125541	-8.776906	-37.030714	0.000000	
876	8.75000	1.032849	0.613913	687.427538	-25.106725	5.748444	0.106922	-8.854352	-36.914162	0.000000	
877	8.76000	1.032250	0.659605	687.159104	-25.106667	5.702865	0.125314	-8.791278	-36.931027	0.000000	
878	8.77000	1.032264	0.818791	687.068485	-25.043012	5.748846	0.125214	-8.859305	-36.852502	0.000000	
879	8.78000	1.124547	0.773120	687.336482	-24.961273	5.776829	0.115818	-8.902120	-36.716685	0.000000	
880	8.79000	1.102466	0.840900	687.694473	-24.988519	5.849309	0.111206	-9.001817	-36.741331	0.000000	
881	8.80000	1.148722	0.931731	687.782853	-24.897456	5.822525	0.124879	-8.964472	-36.609554	0.000000	
882	8.81000	1.057167	1.045349	687.603163	-24.888443	5.886326	0.115799	-9.054145	-36.612552	0.000000	
883	8.82000	1.124964	1.136973	687.422889	-24.815497	5.832456	0.111040	-8.982000	-36.521294	0.000000	
884	8.83000	1.148414	1.182136	687.601819	-24.797357	5.877994	0.115539	-9.047371	-36.488137	0.000000	
885	8.84000	1.148955	1.272999	687.689801	-24.706278	5.860387	0.115521	-9.020696	-36.356376	0.000000	
886	8.85000	1.148152	1.387241	687.599439	-24.706023	5.833225	0.106298	-8.982276	-36.367404	0.000000	
887	8.86000	1.102912	1.568949	687.597775	-24.624062	5.851879	0.110917	-9.006785	-36.258897	0.000000	
888	8.87000	1.102639	1.546396	687.418415	-24.587875	5.888795	0.092506	-9.062710	-36.214307	0.000000	
889	8.88000	1.193685	1.592409	687.417291	-24.514905	5.825784	0.087726	-8.976376	-36.110900	0.000000	
890	8.89000	1.170828	1.637595	687.149254	-24.506085	5.880332	0.106098	-9.057757	-36.114650	0.000000	
891	8.90000	1.011313	1.819565	687.145693	-24.378345	5.817518	0.083464	-8.957072	-35.939564	0.000000	
892	8.91000	1.057211	1.773783	687.057356	-24.387648	5.826370	0.110946	-8.973733	-35.955005	0.000000	
893	8.92000	1.194364	1.797085	687.593411	-24.368998	5.772120	0.087694	-8.896180	-35.901488	0.000000	
894	8.93000	1.148000	1.728947	687.146671	-24.387518	5.799409	0.087791	-8.938689	-35.947571	0.000000	
895	8.94000	1.148776	1.569319	687.147181	-24.351471	5.817853	0.087843	-8.965570	-35.885763	0.000000	
896	8.95000	1.149637	1.637344	687.593575	-24.323764	5.754110	0.092477	-8.867374	-35.826371	0.000000	
897	8.96000	1.149686	1.591791	687.324893	-24.260347	5.754610	0.097084	-8.871402	-35.745311	0.000000	
898	8.97000	1.217578	1.660623	687.413782	-24.260123	5.745771	0.078519	-8.861417	-35.744427	0.000000	
899	8.98000	1.150255	1.591801	687.592138	-24.205547	5.709519	0.083339	-8.802578	-35.651858	0.000000	
900	8.99000	1.173183	1.546346	687.592146	-24.187386	5.691476	0.083318	-8.777676	-35.622791	0.000000	
901	9.00000	1.172276	1.501516	687.412705	-24.187296	5.646291	0.060379	-8.714068	-35.629249	0.000000	
902	9.01000	1.150611	1.478190	687.680877	-24.150850	5.618950	0.074264	-8.669816	-35.561135	0.000000	
903	9.02000	1.037429	1.568704	687.857879	-24.068740	5.573771	0.074537	-8.595413	-35.437985	0.000000	
904	9.03000	1.150172	1.478352	687.143247	-24.051164	5.638062	0.074232	-8.704050	-35.443615	0.000000	
905	9.04000	1.264389	1.547231	687.858166	-24.077647	5.528744	0.055658	-8.543190	-35.449667	0.000000	
906	9.05000	1.174328	1.409768	687.769315	-24.041633	5.528599	0.083506	-8.538773	-35.393816	0.000000	
907	9.06000	1.266194	1.341651	688.306479	-24.068619	5.482920	0.074180	-8.471437	-35.401707	0.000000	
908	9.07000	1.333477	1.319293	687.771016	-24.105201	5.455357	0.106205	-8.441547	-35.480876	0.000000	
909	9.08000	1.356860	1.182636	687.860921	-24.087142	5.437274	0.106224	-8.415576	-35.442059	0.000000	
910	9.09000	1.356858	1.273604	687.770714	-24.041658	5.446679	0.110775	-8.430298	-35.385836	0.000000	
911	9.10000	1.424582	1.251163	687.323946	-24.023624	5.401304	0.138222	-8.373434	-35.381057	0.000000	
912	9.11000	1.333285	1.273874	687.233364	-23.987207	5.392500	0.124640	-8.356339	-35.334010	0.000000	
913	9.12000	1.423915	1.365636	687.321732	-23.959533	5.329236	0.110651	-8.268568	-35.294607	0.000000	
914	9.13000	1.288034	1.250926	687.322524	-23.977862	5.292164	0.143221	-8.206687	-35.314536	0.000000	
915	9.14000	1.310751	1.365000	687.589802	-23.968350	5.255898	0.129369	-8.152248	-35.293770	0.000000	
916	9.15000	1.287541	1.251345	687.142650	-23.932339	5.256296	0.129452	-8.156496	-35.257461	0.000000	
917	9.16000	1.424526	1.137772	687.143848	-23.932491	5.238153	0.142982	-8.138078	-35.250989	0.000000	
918	9.17000	1.424101	1.251675	687.053939	-23.932325	5.219898	0.152139	-8.112493	-35.261968	0.000000	
919	9.18000	1.446441	1.274929	687.053106	-23.913856	5.147355	0.142938	-8.008222	-35.236487	0.000000	
920	9.19000	1.515370	1.251754	687.144265	-23.959548	5.201417	0.170329	-8.089918	-35.297001	0.000000	
921	9.20000	1.446433	1.320143	686.964507	-23.950310	5.165055	0.170482	-8.034963	-35.296692	0.000000	
922	9.21000	1.447274	1.274113	687.054449	-23.932264	5.174047	0.188885	-8.047105	-35.263164	0.000000	
923	9.22000	1.357041	1.273526	687.411856	-23.931992	5.119065	0.198347	-7.957894	-35.244584	0.000000	
924	9.23000	1.516068	1.251333	687.233793	-23.932335	5.210523	0.184117	-8.102211	-35.252827	0.000000	
925	9.24000	1.516173	1.274259	687.411886	-23.913730	5.101327	0.188793	-7.941380	-35.218059	0.000000	
926	9.25000	1.426115	1.136979	687.770632	-23.959334	5.137171	0.184451	-7.984323	-35.258171	0.000000	
927	9.26000	1.562418	1.205902	687.859947	-23.959182	5.146586	0.170309	-8.004983	-35.257440	0.000000	
928	9.27000	1.448647	1.182630	687.770721	-23.977466	5.146181	0.184372	-7.998738	-35.287193	0.000000	
929	9.28000	1.563145	1.182979	687.948332	-23.868229	5.119923	0.165748	-7.965294	-35.119408	0.000000	
930	9.29000	1.584794	1.183672	687.590102	-23.859211	5.120362	0.147293	-7.971121	-35.124446	0.000000	
931	9.30000	1.470254	1.138209	687.052244	-23.786690	5.093661	0.142983	-7.931471	-35.043454	0.000000	
932	9.31000	1.491417	1.139244	686.604205	-23.777541	5.048686	0.119963	-7.872098	-35.052825	0.000000	
933	9.32000	1.469033	1.047973	686.425127	-23.714247	5.085609	0.115424	-7.926521	-34.964334	0.000000	
934	9.33000	1.468742	1.070999	686.334839	-23.677787	5.058695	0.106239	-7.888274	-34.917110	0.000000	
935	9.34000	1.561411	0.956954	686.961561	-23.668527	5.022229	0.106123	-7.833804	-34.865438	0.000000	
936	9.35000	1.493468	0.842613	686.783494	-23.668924	5.058451	0.120086	-7.884494	-34.868281	0.000000	
937	9.36000	1.609357	0.842352	687.856697	-23.659288	5.021983	0.106097	-7.826611	-34.800411	0.000000	
938	9.37000	1.632664	0.842070	687.856754	-23.623022	5.031223	0.119828	-7.841403	-34.747667	0.000000	
939	9.38000	1.656305	0.773792	688.124084	-23.541169	5.031996	0.092235	-7.841026	-34.611374	0.000000	
940	9.39000	1.520036	0.796008	688.123015	-23.495684	5.023005	0.092554	-7.820024	-34.546622	0.000000	
941	9.40000	1.589197	0.727735	688.301486	-23.423021	5.032776	0.078633	-7.836336	-34.428208	0.000000	
942	9.41000	1.589030	0.727554	687.764685	-23.350652	5.042310	0.106188	-7.855969	-34.349567	0.000000	
943	9.42000	1.566002	0.841802	687.761845	-23.232095	4.988833	0.074061	-7.776900	-34.183993	0.000000	
944	9.43000	1.474837	0.727850	687.224088	-23.114379	5.008025	0.065096	-7.805251	-34.032517	0.000000	
945	9.44000	1.566320	0.773568	687.222992	-23.014283	4.981553	0.064887	-7.772085	-33.889589	0.000000	
946	9.45000	1.452764	0.772965	686.953879	-22.941817	5.009197	0.074319	-7.808568	-33.797202	0.000000	
947	9.46000	1.522236	0.909393	687.578611	-22.877850	5.055272	0.046515	-7.872931	-33.681747	0.000000	
948	9.47000	1.568284	0.886201	687.221280	-22.805580	5.101151	0.078549	-7.946250	-33.592559	0.000000	
949	9.48000	1.457661	0.975391	688.203883	-22.705291	5.128418	0.092591	-7.968689	-33.404578	0.000000	
950	9.49000	1.479303	1.112546	687.755179	-22.641579	5.110930	0.087883	-7.949443	-33.341505	0.000000	
951	9.50000	1.411912	1.362428	688.199535	-22.531908	5.084199	0.078788	-7.901816	-33.175420	0.000000	
952	9.51000	1.344465	1.361782	688.198733	-22.450201	5.093663	0.088138	-7.911644	-33.056695	0.000000	
953	9.52000	1.344750	1.384609	687.928154	-22.277527	5.067762	0.078949	-7.876951	-32.819883	0.000000	
954	9.53000	1.299213	1.520759	687.658942	-22.214001	5.104455	0.097352	-7.930568	-32.748158	0.000000	
955	9.54000	1.322413	1.634403	687.747366	-22.150174	5.086599	0.106465	-7.904994	-32.657818	0.000000	
956	9.55000	1.299811	1.679567	687.388896	-22.059619	5.150944	0.115635	-8.001181	-32.545564	0.000000	
957	9.56000	1.413954	1.702584	687.567913	-22.050317	5.105508	0.124593	-7.939790	-32.524997	0.000000	
958	9.57000	1.301158	1.633645	687.925243	-22.031974	5.059811	0.124936	-7.862882	-32.477602	0.000000	
959	9.58000	1.301421	1.679038	687.655470	-21.904825	5.060753	0.129507	-7.867182	-32.307950	0.000000	
960	9.59000	1.415363	1.679253	687.656098	-21.904969	5.106424	0.129207	-7.940240	-32.308143	0.000000	
961	9.60000	1.325146	1.678654	688.103232	-21.931878	5.032968	0.143281	-7.823349	-32.326451	0.000000	
962	9.61000	1.370193	1.701604	687.566221	-21.859501	5.070065	0.152313	-7.885706	-32.247494	0.000000	
963	9.62000	1.325249	1.701307	687.834126	-21.850072	4.978803	0.166288	-7.747500	-32.221348	0.000000	
964	9.63000	1.369822	1.565446	687.297646	-21.823166	4.979423	0.152426	-7.756715	-32.199140	0.000000	
965	9.64000	1.233786	1.633097	687.744349	-21.859203	4.969732	0.148145	-7.729927	-32.234804	0.000000	
966	9.65000	1.280238	1.518988	687.744801	-21.804949	4.988274	0.157266	-7.759595	-32.149238	0.000000	
967	9.66000	1.281545	1.495748	688.281427	-21.795558	4.933416	0.166531	-7.674255	-32.109450	0.000000	
968	9.67000	1.280182	1.473569	687.386093	-21.705148	4.970911	0.157287	-7.738155	-32.017989	0.000000	
969	9.68000	1.303534	1.496249	687.653932	-21.677644	4.934622	0.157263	-7.683900	-31.966982	0.000000	
970	9.69000	1.303792	1.473374	687.384766	-21.577809	4.917125	0.166471	-7.661302	-31.832786	0.000000	
971	9.70000	1.235536	1.496124	687.562681	-21.568305	4.816912	0.166704	-7.509695	-31.812146	0.000000	
972	9.71000	1.236355	1.404794	687.562300	-21.486803	4.872216	0.152912	-7.590182	-31.688296	0.000000	
973	9.72000	1.372860	1.382558	687.562747	-21.486645	4.799477	0.166445	-7.492352	-31.686747	0.000000	
974	9.73000	1.349504	1.542168	687.381897	-21.413672	4.772821	0.157255	-7.454067	-31.598149	0.000000	
975	9.74000	1.281865	1.473551	687.560241	-21.377326	4.773036	0.143661	-7.448611	-31.533177	0.000000	
976	9.75000	1.281778	1.405461	687.380813	-21.322934	4.773629	0.129892	-7.451299	-31.458211	0.000000	
977	9.76000	1.214731	1.427564	687.827122	-21.277141	4.709858	0.139303	-7.350119	-31.372742	0.000000	
978	9.77000	1.328457	1.428029	687.647836	-21.213503	4.674093	0.143654	-7.306550	-31.288312	0.000000	
979	9.78000	1.350875	1.519619	687.825233	-21.185768	4.610786	0.120635	-7.214046	-31.245355	0.000000	
980	9.79000	1.236678	1.519380	687.646103	-21.194992	4.637975	0.116278	-7.248686	-31.266802	0.000000	
981	9.80000	1.305848	1.633356	688.091160	-21.085287	4.538645	0.106972	-7.103955	-31.094022	0.000000	
982	9.81000	1.237437	1.542025	687.733741	-21.067499	4.566016	0.116329	-7.143230	-31.078803	0.000000	
983	9.82000	1.306810	1.632712	687.822119	-20.949209	4.539358	0.139143	-7.107658	-30.908170	0.000000	
984	9.83000	1.283139	1.587703	687.553407	-20.949299	4.539675	0.116221	-7.109346	-30.917613	0.000000	
